file,sha256,bytes,lines,owner,role,unsafe_sites,allocation_copy_sites,global_or_discovery_sites,reachability,contracts,lifetime,cost,review_status,disposition,evidence
.github/workflows/source-checks.yml,61fd2454cddc1e98734d7699a1020e2cadd1a1c996ee5bfc641be92e3502691e,1509,41,.github,build/config,0,0,0,,,,,pending,investigate,
.github/workflows/unity-consumer.yml,51d27f46c1c64ebcaa457406cce56a05cccb29e09f979f11241bdeda2c90181b,555,19,.github,build/config,0,0,0,,,,,pending,investigate,
.vscode/settings.json,f5555599150c7a7b95fee32280db501560b0a657f445b64639e4f7c11ad46753,113,6,.vscode,build/config,0,0,0,,,,,pending,investigate,
BEVY_PROCEDURAL_MATERIAL_STUDIO_PLAN.md,bb3bc391acf616d1b9317285d85be0169aff00bede04f5d1021b4a2075e9c611,24852,558,BEVY_PROCEDURAL_MATERIAL_STUDIO_PLAN.md,documentation,0,0,0,,,,,pending,investigate,
CODEBASE_RATIONALIZATION_AND_UNITY_PACKAGE_PLAN.md,743cac097d58225a72cd660aa51ce021db996a20b334f3a497c23e95ed842de1,37562,592,CODEBASE_RATIONALIZATION_AND_UNITY_PACKAGE_PLAN.md,documentation,2,0,2,,,,,pending,investigate,
ISLAND_CAVES.md,363de3b0c410352c4547db86a418412d42da79b84d19780587976c64d3b53ac7,24399,390,ISLAND_CAVES.md,documentation,0,0,0,,,,,pending,investigate,
ISLAND_CAVES_PLAN.md,42677eed584689c3e4ebeee1656373ecdcd128f9dbebd338248bcb3abd23f169,36977,594,ISLAND_CAVES_PLAN.md,documentation,0,0,0,,,,,pending,investigate,
README.md,60ff442b2a51f544b1d4dbd14038120f7cfeb2607e76160cbdba8905cac333c0,3503,70,README.md,documentation,0,0,0,,,,,pending,investigate,
RIVERBANK_REEDS_AND_RUSHES_PLAN.md,777bf4be033f6d64747b1c6a1652f846a876758f4417ad6bf50aaa3dafbce3e4,4490,88,RIVERBANK_REEDS_AND_RUSHES_PLAN.md,documentation,0,0,0,,,,,pending,investigate,
RIVER_HYDRAULIC_CROSS_SECTION_PLAN.md,2877b7cfcd3906eaf55459dbfbe64cf1fb85ea04279ceac404b8365852b99715,4582,94,RIVER_HYDRAULIC_CROSS_SECTION_PLAN.md,documentation,0,0,0,,,,,pending,investigate,
RIVER_PARTICLE_EMITTER_PLAN.md,c17146d4469c19db7828c6d76550ae2cb6a767fc149a7ce98e2bbd2d7bd15baa,25345,562,RIVER_PARTICLE_EMITTER_PLAN.md,documentation,0,0,0,,,,,pending,investigate,
ROCK_DECORATION_PLAN.md,edff1ca4f94b501fc2286317eb0725468cbf07d68ca2e675ee369d7bb05b07a2,38547,828,ROCK_DECORATION_PLAN.md,documentation,0,0,0,,,,,pending,investigate,
RUNTIME_PROCEDURAL_MATERIAL_PARAMETERS_PLAN.md,7cc102be0d08df94dd3588232e452870c793e05def82f9e70144012231457740,33416,728,RUNTIME_PROCEDURAL_MATERIAL_PARAMETERS_PLAN.md,documentation,0,0,0,,,,,pending,investigate,
TERRAIN_COLLIDER_PLAN.md,c27c2049491f19e657e363fe6fbad9b205842272e263704a9055a662e500c623,21195,496,TERRAIN_COLLIDER_PLAN.md,documentation,1,0,0,,,,,pending,investigate,
TERRAIN_SHADER_OPTIMIZATION_PLAN.md,bd88cf743459272f1bb7e625d6be27bbca77587cb1285b9fdc41537836e966e2,25895,559,TERRAIN_SHADER_OPTIMIZATION_PLAN.md,documentation,0,0,0,,,,,pending,investigate,
THIRD_PARTY_NOTICES.md,d94e0a7651743cc9bac03f9074f7bc9f934b01231ddc62a7feab6e6a2272a6fa,742,16,THIRD_PARTY_NOTICES.md,documentation,0,0,0,,,,,pending,investigate,
TREE_TRUNK_FERNS_PLAN.md,ec05d1328df77cd632ed8d1d64b0ec1494858011bcf15f3a4af48d062adcd6f2,14771,334,TREE_TRUNK_FERNS_PLAN.md,documentation,0,0,0,,,,,pending,investigate,
UNITY_LEVEL_ARCHITECTURE_PLAN.md,0bf759658ba9f85364db190b9edba74c6a8e08bdebd6a7a25807c594a47bed85,20447,341,UNITY_LEVEL_ARCHITECTURE_PLAN.md,documentation,0,0,0,,,,,pending,investigate,
WATERFALL_AND_PLUNGE_POOL_PLAN.md,b600180a26aa9c43f94e6e4736824cb93ea49c6c3bfb653353a4af6440b574d2,18735,405,WATERFALL_AND_PLUNGE_POOL_PLAN.md,documentation,1,0,0,,,,,pending,investigate,
island-bevy/Cargo.lock,46a678eb82a0023164b94ea0d9d802158c43730916662926d1508eba9ad084a0,158143,6597,island-bevy,build/config,0,0,0,,,,,pending,investigate,
island-bevy/Cargo.toml,ec48b853575b9e6455a5ca5dc323c174bf65f661380ee456bd0b2a3bdae2dee5,1836,54,island-bevy,build/config,0,0,0,,,,,pending,investigate,
island-bevy/README.md,ebe66df17dcb529bbf777fbdd53e107235d29c52d4addd54fc45bb551a1f900f,65635,1136,island-bevy,documentation,0,0,0,,,,,pending,investigate,
island-bevy/assets/preset-thumbs/bare-atoll.png,9a7d97df6f40b6b7dc1664d221dced490b8eff291433d9febafbe8e0554fb77b,19506,0,island-bevy,asset/metadata,0,0,0,,,,,pending,investigate,
island-bevy/assets/preset-thumbs/gullied-ridges.png,8e4478ca2182b182e97226b1d24405aa15e8a1f76020b7d3a6ee22421f462899,23810,0,island-bevy,asset/metadata,0,0,0,,,,,pending,investigate,
island-bevy/assets/preset-thumbs/lone-cone.png,4ce49038750212ada13c9f5d863701567d448f0c5cfe7f699dee13a55c1206d8,25313,0,island-bevy,asset/metadata,0,0,0,,,,,pending,investigate,
island-bevy/assets/preset-thumbs/river-country.png,a3d97ae1f0f471a9d60be36ee133c03d0ae815b4bef00e9a9364b7d10514ab08,29039,0,island-bevy,asset/metadata,0,0,0,,,,,pending,investigate,
island-bevy/assets/preset-thumbs/silted-shore.png,e1277560a9ceff6d137c4da3d455294924fbb7fc209c1ff29cf49018266280b6,27020,0,island-bevy,asset/metadata,0,0,0,,,,,pending,investigate,
island-bevy/assets/preset-thumbs/snowcap-massif.png,d9978d9f42cf3c1f4625385278d62561550bd68b84c82021e69ff04e03566aa4,30471,0,island-bevy,asset/metadata,0,0,0,,,,,pending,investigate,
island-bevy/assets/preset-thumbs/stone-tower.png,90b046972d9b147f4e8129867e680983f93af59856f008717372170f9427770d,20974,0,island-bevy,asset/metadata,0,0,0,,,,,pending,investigate,
island-bevy/assets/preset-thumbs/the-spires.png,0b47e094bcfa2e5a9ea857be0af6d5733af270950b74287e9c680a2294e898d7,22377,0,island-bevy,asset/metadata,0,0,0,,,,,pending,investigate,
island-bevy/assets/preset-thumbs/tidal-flats.png,14c7182530b591fbd0cd6902bb5c90f87d3ac858f8f9938d22f28de5d447bb2f,25433,0,island-bevy,asset/metadata,0,0,0,,,,,pending,investigate,
island-bevy/assets/preset-thumbs/uncut-dome.png,984e1923ee379e21099741e30beba7680fdf3061c405379481ee2af3d5e34d84,25068,0,island-bevy,asset/metadata,0,0,0,,,,,pending,investigate,
island-bevy/src/app.rs,8d69ffe241775acd30c90c8e825aef0c7f6ea30d794ff9b6c1b2f736a45d5abd,118,5,island-bevy,implementation,0,0,0,,,,,pending,investigate,
island-bevy/src/app/camera.rs,0841f4dcb18d4d4169432afa83bdc6e40e4c3b526e970323deb6cba4141bd277,60771,1469,island-bevy,implementation,0,1,0,,,,,pending,investigate,
island-bevy/src/app/hud.rs,a7eba2d4d30dd4c80c64bc7b087496bbf0d507fecb535ad89ae69c460047e959,61832,1650,island-bevy,implementation,0,2,0,describe() covers initial soil depth using the native definition; existing complete-label test now passes. Broader HUD optimization remains a profiling task.,Preserve existing data/algorithm/serialized bindings beyond the described change.,Existing owners retained; test fixtures clean up their created resources.,No unmeasured whole-pipeline performance claim.,reviewed,focused change reviewed,IMPLEMENTATION.md and validation.json; review scope is the described change.
island-bevy/src/app/options.rs,029de4910f5e00ee5827811d2b20546920348e95e5e9a1cbed69441f3c9e8d5b,16565,458,island-bevy,implementation,0,1,0,,,,,pending,investigate,
island-bevy/src/app/presets.rs,48f0b773551b5130ebd844546c641343eb10cd3930e56e0a278c180ec9766972,11425,301,island-bevy,implementation,0,0,0,,,,,pending,investigate,
island-bevy/src/app/screenshot.rs,1f8f57fe916a6984164495921471392e7f31536fccfb1b5608742d323ec45fe0,22991,581,island-bevy,implementation,0,9,0,,,,,pending,investigate,
island-bevy/src/environment.rs,3319d6fa8afe3ce87767448b212a0a08fbdf86959656aaadf54d2a9f9647d528,142,6,island-bevy,implementation,0,0,0,,,,,pending,investigate,
island-bevy/src/environment/clouds.rs,ea12854fe2c32f455e9db5615794306d0609ad29ebdbfe954a579afc3f474eb1,21795,521,island-bevy,implementation,0,3,0,,,,,pending,investigate,
island-bevy/src/environment/lighting.rs,2ac58517f526ff2833890cacaf0aa2d2b22ef92715d0e42dedf13874c65a7f72,3659,94,island-bevy,implementation,0,0,0,,,,,pending,investigate,
island-bevy/src/environment/mist.rs,7e8d41b5836052491e4b9ae1841219be564f879b2f642af65b87d81a8ce3785f,20763,499,island-bevy,implementation,0,1,0,,,,,pending,investigate,
island-bevy/src/environment/spray.rs,fade2bbc1ce1ae3478874135b2ef3a0edbe128e9a796b9038b689a26bbaeb9b2,10919,245,island-bevy,implementation,0,0,0,,,,,pending,investigate,
island-bevy/src/environment/vegetation.rs,e5503c11becd5cb8f0b70583dba5f6fc1a7cf1e142ea7e7be0657efd4dc20d4c,31949,860,island-bevy,implementation,0,12,0,,,,,pending,investigate,
island-bevy/src/environment/weather.rs,b78cccce1b8d968ab0d67e07e0815f624c9f4e2325d59db6d8e988bc8a0b25ea,23883,657,island-bevy,implementation,0,2,0,,,,,pending,investigate,
island-bevy/src/hash.rs,aee09905fd455393b9b8d34c8380a52102f138f62771910b611109e1138d70b2,1321,41,island-bevy,implementation,0,0,0,,,,,pending,investigate,
island-bevy/src/island.rs,ae09a7dcf752ae9b49ddff6693bcc7070ba2f59b1b9bb0f145ad46e581e59690,95,4,island-bevy,implementation,0,0,0,,,,,pending,investigate,
island-bevy/src/island/cache.rs,cf777debbc25bc143cf8d929eb1334861801f28b04736ec9a3302d5deb2a89a9,28893,777,island-bevy,implementation,0,14,0,,,,,pending,investigate,
island-bevy/src/island/chunk.rs,63dde5ec2e0b9ae4f84f9af03984dc541577d1e104561e4782a84927a48aa757,18517,456,island-bevy,implementation,0,0,0,,,,,pending,investigate,
island-bevy/src/island/convert.rs,ed9a373bc4d49a462ec228fd00c829b7c8c6cec743ee6104f0a0684de34ae3e2,8015,207,island-bevy,implementation,0,0,0,,,,,pending,investigate,
island-bevy/src/island/island_gen.rs,9cd5d0a14d59fd1063b13376af4fecf20bd594f8b68c4f6cb9d8304e49f44911,60877,1506,island-bevy,implementation,0,2,0,,,,,pending,investigate,
island-bevy/src/main.rs,e2016b0a89e4f729fc6b8b79d2bac942bae632b77fb7680b2046b99f23225eb2,25069,631,island-bevy,implementation,0,1,0,,,,,pending,investigate,
island-bevy/src/math.rs,0c134358207b9ba37c45e410cd18d723c6dc9eed6372c8cfca61f7aa02e608a2,1701,53,island-bevy,implementation,0,0,0,,,,,pending,investigate,
island-bevy/src/render.rs,0b17a6e0761720e88af5eb6ff5194ce17d2c19a3962760c5e561484ef1a4c5f5,151,6,island-bevy,implementation,0,0,0,,,,,pending,investigate,
island-bevy/src/render/budget.rs,2e67535f6a9de178ab9bc896f1f51f5d51b0b52ff59b6603d64cfaae07a41220,5485,173,island-bevy,implementation,0,0,0,,,,,pending,investigate,
island-bevy/src/render/capture.rs,20c466a183de67f974daf92564657efa24fe299a8892cc1685c71d74a48aab92,11210,295,island-bevy,implementation,0,0,0,,,,,pending,investigate,
island-bevy/src/render/material_textures.rs,4793af0c30a3bf11dad7870aaf66404c83418c8dba3ecee015ee622786195bb8,6966,207,island-bevy,implementation,0,0,0,"Six terrain atlas slots, exhaustive ground-only iteration; native TreeBark is not an atlas slot; pixel occupancy test passed.",Preserve existing data/algorithm/serialized bindings beyond the described change.,Existing owners retained; test fixtures clean up their created resources.,No unmeasured whole-pipeline performance claim.,reviewed,focused change reviewed,IMPLEMENTATION.md and validation.json; review scope is the described change.
island-bevy/src/render/surface.rs,d565995e5fe0f9f4dd706b7493363829dd371f0d965c7ae7818a39d060cb746e,15040,375,island-bevy,implementation,0,3,0,,,,,pending,investigate,
island-bevy/src/render/terrain.rs,3f5530dd515779b362e0e00c509e757fa0f824a1c77e7e772ca1665e64696e67,11037,272,island-bevy,implementation,0,1,0,,,,,pending,investigate,
island-bevy/src/render/water.rs,e7233eec9694f38e3505f6662c12494e3104afd8de2bb08faa5298422398fcad,3037,85,island-bevy,implementation,0,0,0,,,,,pending,investigate,
island-bevy/src/shaders.rs,b775480f3b898314471ded6b1e518c702cc81c3e019216ec06556f4dcb8ea3e5,638,17,island-bevy,implementation,0,0,0,,,,,pending,investigate,
island-bevy/src/shaders/cloud.wgsl,f39a4c31f984db1d44518ae898a5bfac885db88339068ed05eb398abcd5ac2e2,8816,199,island-bevy,implementation,0,0,0,,,,,pending,investigate,
island-bevy/src/shaders/debug.wgsl,b1fb6e035dd3119edd33823b5d0b1e1ed056d7084c6efa6d740fad3a167c920e,1314,35,island-bevy,implementation,0,0,0,,,,,pending,investigate,
island-bevy/src/shaders/noise.wgsl,13643f73a31ccad2e36abd8c5352e493891c362f5699d919e0cad629df6d125d,6363,160,island-bevy,implementation,0,0,0,,,,,pending,investigate,
island-bevy/src/shaders/ocean.wgsl,8660b713a96b7dfd814ac61f71cf2b77992fd0324635709a87c8f90c650e5a88,16528,373,island-bevy,implementation,0,0,0,,,,,pending,investigate,
island-bevy/src/shaders/river.wgsl,c3b2c2c8c3524fc09c26b4490109d58d4061071dd0d6eb055756afcfeac12429,29669,675,island-bevy,implementation,0,0,0,,,,,pending,investigate,
island-bevy/src/shaders/rock.wgsl,5532b0cc710300b2f80d92a8893618507297d60439a3407acfffc60c044646cd,6780,169,island-bevy,implementation,0,0,0,,,,,pending,investigate,
island-bevy/src/shaders/spray.wgsl,84683fe6d3b2e1e5c7d27baf1e9dde39a825b39a472dd757adfcabc8b9442b03,7048,159,island-bevy,implementation,0,0,0,,,,,pending,investigate,
island-bevy/src/shaders/terrain.wgsl,1adfe4f0c31ce0cae6d5124eb0b9ddd3a135c13cdd5b177f756aeb5a9be6a99c,22355,444,island-bevy,implementation,0,0,0,,,,,pending,investigate,
island-material-studio/Cargo.lock,2081c25fe26115d62d242d3f7be416acab6d194aa099349ecef7f42788f6aab0,158294,6604,island-material-studio,build/config,0,0,0,,,,,pending,investigate,
island-material-studio/Cargo.toml,d0d00a2b9191b8a33691a0e4b378e3e78ec61b444e650b46c8455786de4fc811,825,36,island-material-studio,build/config,0,0,0,,,,,pending,investigate,
island-material-studio/README.md,4c756845371daa0124567374309c101d056b7777eeae275066f8d8e6e23c9915,3337,74,island-material-studio,documentation,0,0,0,,,,,pending,investigate,
island-material-studio/package-macos.sh,ccb9ea756ddf9cf6bc3b79728409a82a57ae52a972d2e83436729769e5058cfa,1681,45,island-material-studio,build/config,0,0,0,,,,,pending,investigate,
island-material-studio/src/app.rs,747581288ea24b254a4a620af1bb03ecfa47cf0869f7402f20091ccffaca49be,8906,275,island-material-studio,implementation,0,2,0,,,,,pending,investigate,
island-material-studio/src/bake.rs,f95495b9f8fcfb9046b6aeae3e03d305924463e8c8e2439da87971465ac5ac04,6140,198,island-material-studio,implementation,0,4,0,,,,,pending,investigate,
island-material-studio/src/document.rs,b93e5f99504a2e94f17571acfffdda8ac83224581cfc97ea9dfe8d4b5808b94d,36108,985,island-material-studio,implementation,0,20,0,,,,,pending,investigate,
island-material-studio/src/file_io.rs,05fd118b53035ea510e01846722feddcc5ca997391f8eaca2425beab9b864b0f,17790,495,island-material-studio,implementation,0,6,0,,,,,pending,investigate,
island-material-studio/src/history.rs,98d4e7f953898bece6469ef49028623593ce2e9544887ece17be4ca9fa809b61,8700,264,island-material-studio,implementation,0,5,0,,,,,pending,investigate,
island-material-studio/src/lib.rs,87c01d746cff6958e2f7b2ad473382dec6a1a825a4c27595364b1bab0996a0fb,292,14,island-material-studio,implementation,0,0,0,,,,,pending,investigate,
island-material-studio/src/main.rs,0cb0a6c638aa6a16dd978484afe9ce13164324ac339ac6aadb2480d9ff69e8a8,4963,151,island-material-studio,implementation,0,0,0,,,,,pending,investigate,
island-material-studio/src/preview.rs,b5c2d3a523462e97a4007cd4b23a966877ebf2fb25eac489df200bf599f7819c,15338,490,island-material-studio,implementation,0,6,0,,,,,pending,investigate,
island-material-studio/src/preview_images.rs,f9f0959ad6dcaedc55169617fbb1910c62be60fa89ec9c6f873e0b61f9dea06a,12555,395,island-material-studio,implementation,0,10,0,,,,,pending,investigate,
island-material-studio/src/preview_scene.rs,24f74446af2b39ce27670176817bdd8c47228a72d3182b9582c6bc39afa42577,9268,294,island-material-studio,implementation,0,11,0,,,,,pending,investigate,
island-material-studio/src/settings.rs,c454ca70290de90e8f43c3d392bf745e72a1d40ef5105c76393c3c9bf58e8d39,12023,342,island-material-studio,implementation,0,0,0,,,,,pending,investigate,
island-material-studio/src/ui.rs,47b6a98fc2de8aed51f230ea64789222bf7e7e29ad2b654361c48aa37404d84e,26085,807,island-material-studio,implementation,0,5,0,,,,,pending,investigate,
island-material-studio/src/ui/diagnostics.rs,ec9d2447e192726dd73cb813af655798a6bcf6180d6c2d7bbc1061d16bf6c88e,2115,62,island-material-studio,implementation,0,2,0,,,,,pending,investigate,
island-material-studio/src/ui/inspector.rs,327d9b854d306f63d563c176cf3f6438754ea7f42eacd2c6ff9402ac4da52ec1,33899,980,island-material-studio,implementation,0,4,0,,,,,pending,investigate,
island-material-studio/src/ui/layer_stack.rs,743b262021a34d515ca9133e1f84ed4545d190c93ce8ac5a1495a7f2078e6738,7938,220,island-material-studio,implementation,0,9,0,,,,,pending,investigate,
island-material-studio/src/ui/preview.rs,cb6dccee3c5f85b2e48e09ee95ef33cb495de365add8966f9d96c62a54188632,12995,369,island-material-studio,implementation,0,1,0,,,,,pending,investigate,
island-material-studio/src/ui/toolbar.rs,9afaaf14c895c16e2c584c6f37e6b4906585fc8769d2606cfd4594aa0f6cf1cc,6462,198,island-material-studio,implementation,0,0,0,,,,,pending,investigate,
island-rs/CLUSTERED_FOLIAGE_PLAN.md,e18c3982e09752db9be076f32f68c7e6bf394b83e443655eabc5a78b7c31282f,13745,267,island-rs,documentation,0,0,0,,,,,pending,investigate,
island-rs/COASTAL_EROSION_PLAN.md,1baccb8938dcb336df2cc9ad4e2a535862f8c6cf3b050c18b3557a23f2f92f67,37316,980,island-rs,documentation,1,0,0,,,,,pending,investigate,
island-rs/Cargo.lock,84168fe0c51ba397df70c92f46ffedd62881db9868ba5e924b79380b896dacbd,39689,1564,island-rs,build/config,0,0,0,,,,,pending,investigate,
island-rs/Cargo.toml,ad7e7c7ccf9318ad7240d97b09ad10460cd4c645938bf60c17eab8b3d9202b36,1251,63,island-rs,build/config,0,0,0,,,,,pending,investigate,
island-rs/FALLEN_LOGS.md,f451278e9c42ff2e1c866ac6c47da9cd44f7038aec2faad01107286c06c96fc3,3347,28,island-rs,documentation,0,0,0,,,,,pending,investigate,
island-rs/FOREST_PLACEMENT_AND_LOD_PLAN.md,0a816f43c027d78bbf0404c65d33cadb95972883f6f4d456b7591f601d1682d0,40720,985,island-rs,documentation,0,0,0,,,,,pending,investigate,
island-rs/HYDRAULIC_HARDNESS_AND_DEPOSIT_PLAN.md,b9fba5f8af0479fccc2d904cd0df506acfb452cab024c9c31dc005192378d1e0,32447,763,island-rs,documentation,0,0,0,,,,,pending,investigate,
island-rs/PERFORMANCE_OPTIMISATION_PLAN.md,f0643e60b2414335608ce024cb524f9a1e14958b533f0a3a88ad12a112a8848c,31458,735,island-rs,documentation,3,0,0,,,,,pending,investigate,
island-rs/PROCEDURAL_TEXTURE_BAKER.md,dca7bb47865e0587957954042f4bb0d5100e64fc67ff84b2745bee26460711a3,5718,146,island-rs,documentation,0,0,0,,,,,pending,investigate,
island-rs/PROCEDURAL_TEXTURE_GENERATION_PLAN.md,249ec5813a2e29a4ec9577712c6f97a99be46fe54577ef04c4fa48d9a63253ea,34741,893,island-rs,documentation,1,0,0,,,,,pending,investigate,
island-rs/PROCEDURAL_TREE_AND_FOREST_PLAN.md,027431331b46cf4ac74c53028054ccb7396bd3df975992d006bfaee2539a73c5,20333,408,island-rs,documentation,0,0,0,,,,,pending,investigate,
island-rs/README.md,4a7d3d62858d5c573209d34d726b8b808e685d3a42d5d163a634c7add7e15960,15096,279,island-rs,documentation,0,0,0,,,,,pending,investigate,
island-rs/SEA_PLANE_CONSTRAINED_TOPOLOGY_PLAN.md,a4ce9f6c07b7e7b3f22c4214d0d6a3f957b4687a225062eefd6ee4e7cb555b8e,11532,263,island-rs,documentation,1,0,0,,,,,pending,investigate,
island-rs/TERRAIN_MATERIAL_ATTRIBUTES_PLAN.md,8c3acfa54a25b65edc5494875b3822914436415de6e6d5341bdfcda15e0eec6c,2985,65,island-rs,documentation,0,0,0,,,,,pending,investigate,
island-rs/build.rs,35cbca0fcb54c39cccd24de500e6fcae9b8cfbd530f0509a7e139638f550414e,259,6,island-rs,implementation,0,0,0,Native entry point static constructors and Rust exported scalar ABI methods.,C ABI version 1; checked representative sizes and mixed-padding offsets before records cross FFI. macOS relocatable install ID.,ABI metadata owns no exported allocations; array validators borrow pointers.,See measurement/evidence; no unmeasured speed claim.,reviewed,harden boundary,NativeBinaryMatchesManagedLayouts; Rust ABI test; dylib symbols and player load.
island-rs/deploy-unity.sh,04610367680dfd2a69d318d154162e0c2a6f217c6d12b8c2e662df5d423ed3c4,1568,59,island-rs,build/config,0,0,0,Documented local commands and CI; consumers use packed artifacts.,No publication; clean consumer excludes demo ProjectSettings; pin platform/CPU; check native hash and package-owned GUIDs.,Scratch projects retained outside checkout; atomic native replacement; no host asset overwrite.,See measurement/evidence; no unmeasured speed claim.,reviewed,reproducible packaging/validation,Package check; tarball consumer import/build/run; script syntax; native load.
island-rs/src/bin/cave_probe.rs,6f77a5e67deff876e0589825277e8f4f4d5e5d828712ebbfaacdf600e204b10d,7827,199,island-rs,implementation,0,0,0,,,,,pending,investigate,
island-rs/src/bin/generation_bench.rs,0d7c5df2ffb9c535de8b8dadcaa3cce6bc70debfdf7c330b9839f51d2c8d675d,3914,117,island-rs,implementation,0,0,0,CLI -> one small warmup -> serial seed/repetition Island::generate calls.,CPU default options except seed points; CSV elapsed excludes geometry hashing; stable hash includes positions and indices. Optional complete snapshots are saved after elapsed timing; separate build/size directories avoid filename collisions.,One island per iteration; no raster/export calls; allocator retention may outlive island.,Generation timing only; hashing and destruction occur outside elapsed duration.,reviewed,retain deterministic benchmark,Six before/after complete snapshot comparisons and three alternating timing pairs; native tests and Clippy.
island-rs/src/bin/texture_baker.rs,01fa0bb2b4440b245f9993d6d1865ebe21c9647367098dedee9a36c355247447,31472,924,island-rs,implementation,0,5,0,,,,,pending,investigate,
island-rs/src/caves.rs,d3cad3b2793227eada5a7438dafebbef5daa0490f259264f1bf3148ecd96059d,12130,334,island-rs,implementation,0,0,0,,,,,pending,investigate,
island-rs/src/caves/clearance.rs,7a3466205059c1a369396621569f6f4044b64a03a961fbd8706512ba793cfdb3,8155,210,island-rs,implementation,0,0,0,,,,,pending,investigate,
island-rs/src/caves/field.rs,9e35e5c9c2d5df7337b9997477d25f09f2a21db1d1880de97a7dc8e7c1f73597,499,16,island-rs,implementation,0,0,0,,,,,pending,investigate,
island-rs/src/caves/network.rs,5d6dbdb89d496ca8a0785f40837a344eb2e12e7c623bd095b9f24e92ee86ab4d,12058,315,island-rs,implementation,0,1,0,,,,,pending,investigate,
island-rs/src/caves/options.rs,761bac9f8ba6399178f4cbe5677716593b4192b380fe2f11fbcf103dd877e07c,5220,164,island-rs,implementation,0,0,0,,,,,pending,investigate,
island-rs/src/caves/orientation.rs,19b8384879504c1142c4be54a89992da06090fcf457cad6a123b4765403696b0,5558,142,island-rs,implementation,0,0,0,,,,,pending,investigate,
island-rs/src/caves/passage.rs,55cde44af8fb91f8d1e1ffe76d76d47f30c1cac0cef7546c3345fd9c8a7ca621,4836,120,island-rs,implementation,0,0,0,,,,,pending,investigate,
island-rs/src/caves/placement.rs,e4b24694072a09e727ee35e2bd7bbd5328c0b814a467ca7e640088a9a4af732c,12291,339,island-rs,implementation,0,0,0,,,,,pending,investigate,
island-rs/src/caves/portal.rs,344ffed76e01da4a29b2f5451f796e735dd77e34fdc04e2153e90fa811f0d463,29865,784,island-rs,implementation,0,0,0,,,,,pending,investigate,
island-rs/src/caves/smoothing.rs,039524a3d2f18d54ed74ba278a3818b8122c397f090cf26e2be5d697f4213d22,7409,196,island-rs,implementation,0,3,0,,,,,pending,investigate,
island-rs/src/caves/stitch.rs,614084e1e139c807cec41574afd1c1b1d528225a80dd5c1071d6ee89745673b6,13976,378,island-rs,implementation,0,0,0,,,,,pending,investigate,
island-rs/src/caves/stones.rs,8049de9a41c03f8e1617c23595d7b1d41ae670b715d2d43201d5666ddfa31af3,7671,194,island-rs,implementation,0,4,0,,,,,pending,investigate,
island-rs/src/caves/surface.rs,6fe1c5e6569956d29865a07101df440901eeedbf619efc7195a5dce4369ab9d7,3389,95,island-rs,implementation,0,0,0,,,,,pending,investigate,
island-rs/src/caves/tests.rs,9186b3d528ff120ad08f90af85461e7806eb76bab7cda6437aae1836b153de6b,29383,870,island-rs,test,0,24,0,,,,,pending,investigate,
island-rs/src/caves/volume.rs,f6532c8c82671b1312983ce53bdc33d3fea620625df312117296f486fe750811,14311,342,island-rs,implementation,0,1,0,,,,,pending,investigate,
island-rs/src/caves/wandering.rs,c6bb3ad7c346ec3918fac4f09a8de9c3c99cf73a8532691ef9dcc2dd85f6e5d0,9466,244,island-rs,implementation,0,0,0,,,,,pending,investigate,
island-rs/src/clouds.rs,279fc4038cd0befe9a284a532620f2cfe40a4b556d89972a5c7dd88e7abc678b,6895,220,island-rs,implementation,0,0,0,,,,,pending,investigate,
island-rs/src/clustered_foliage.rs,4b53ee4f84ebb3439b3d4abfc83184a52b6e374dbc5f544512672c4faa93259d,55818,1534,island-rs,implementation,0,9,0,,,,,pending,investigate,
island-rs/src/ferns.rs,74523472a79b4d056e7941e8f8d9b04dc14f6a3d2f70f42b578f87b0376f90a6,19334,541,island-rs,implementation,0,0,0,,,,,pending,investigate,
island-rs/src/ffi.rs,726b9d3c66a1a593a9d092da8d8d793881f92adcba99017fa32dbeaa47de4943,111171,3148,island-rs,implementation,287,5,0,,,,,pending,investigate,
island-rs/src/ffi/abi.rs,00a2f27bf53e3d7a50fb3bb689c2334b692138da72c1cc9f12ef98b922c9441f,2080,60,island-rs,implementation,3,0,0,Native entry point static constructors and Rust exported scalar ABI methods.,C ABI version 1; checked representative sizes and mixed-padding offsets before records cross FFI. macOS relocatable install ID.,ABI metadata owns no exported allocations; array validators borrow pointers.,See measurement/evidence; no unmeasured speed claim.,reviewed,harden boundary,NativeBinaryMatchesManagedLayouts; Rust ABI test; dylib symbols and player load.
island-rs/src/ffi/caves.rs,08a7987f39d0118c7d8e841e1e01aeb3678254a30d3ecbe1239e1d70a2710e53,11441,357,island-rs,implementation,42,1,0,,,,,pending,investigate,
island-rs/src/forest.rs,7d39e365c4e5d2a55d9dc7232bc212e91d0a09f4ddaed08fd6790cee5a01fa91,100994,2817,island-rs,implementation,0,23,0,Reviewed coherent_tree_scale and its analytical fixture; remaining forest implementation review open.,"Opaque runtime inputs avoid constant-folded expected expression; retain bit equality, range/threshold and monotonicity checks. Production code unchanged.",Existing borrowed generation state retained; reference-test snapshots own their comparison bytes.,Test-only change; no runtime cost change.,partial,stabilize exact analytical test,Isolated pre-change release failure; corrected debug/release tests pass; full snapshots unchanged.
island-rs/src/forest/logs.rs,007fa7a89419b447e7af700de26a62134e25aeeecd08a2d35bcce41b3cb54de8,19488,555,island-rs,implementation,0,0,0,,,,,pending,investigate,
island-rs/src/geology.rs,bf96e1d27907e8fbb7652bbb910276478dec2f4c175df522ef09e9d8c29a55a3,4735,154,island-rs,implementation,0,0,0,,,,,pending,investigate,
island-rs/src/lib.rs,ee9759bb580a61f9250d988596a8f50a01bb9048772f6af4534215127e98fb28,2019,60,island-rs,implementation,0,0,0,,,,,pending,investigate,
island-rs/src/main.rs,5680e7d9475ae3dbb642c796a0db8671e330062b21d03be8ee1c682c3e9fd932,8318,217,island-rs,implementation,0,0,0,,,,,pending,investigate,
island-rs/src/math.rs,5f5b5b0e87287bb3198eac4f4039ed430e04055cfdafc2a8819cc010f6a01aff,628,29,island-rs,implementation,0,0,0,,,,,pending,investigate,
island-rs/src/mesh.rs,4ef78b5242886f12dcd6d3cc485a7950895678267d962615889301db65134f88,102085,2829,island-rs,implementation,0,4,0,"Reviewed adjacency/perimeter construction and ordered_edge; used by river carving/refinement, erosion boundaries, terrain smoothing and other mesh callers. Remaining tessellation/slicing/repair review is open; prior seam edits preserved.","Valid in-range triangle indices, chunks_exact ignores an incomplete trailing face; undirected edge incidence exactly one marks both endpoints. Preserve holes, winding independence, repeated/self edges, disconnected/isolated vertices and non-manifold counts. No vertex, triangle or normal mutations.","Borrow Mesh; return owned mask. Temporary offsets, independent scatter cursors and u32 neighbor endpoints live only within the query. Cursor copy preserves immutable bucket ranges while scattering; no persistent cache or ABI/schema change.","Replace global u64 edge sort with per-vertex u32 endpoint sorts. Two edge scans, O(vertices+triangle indices) scratch and low-valence local sorting. See MESH_BOUNDARY_OPTIMIZATION.md for paired measurements; sparse/high-valence meshes have different tradeoffs.",partial,group perimeter edge incidence by lower endpoint,"Exact independent edge-incidence oracle across 19683 three-face combinations, plus holes/disconnected/empty fixtures. Full native/output/package validation recorded in the milestone report."
island-rs/src/mesh_clipper.rs,98ce52b1f143ce1d4782a99396a17b4a1c111164b1f44bd9e8939f227b282093,23913,668,island-rs,implementation,0,0,0,,,,,pending,investigate,
island-rs/src/noise.rs,9bc5b22acfec0c5c6db5c83d1e7b952b848c21a9abe21cbab16e4fd66e0e68ab,1660,59,island-rs,implementation,0,0,0,,,,,pending,investigate,
island-rs/src/png.rs,27e66c90abd5bc3efb584cb06edd565cd6c782d20138b52737f7a671320cafcb,3436,105,island-rs,implementation,0,0,0,,,,,pending,investigate,
island-rs/src/procedural_textures.rs,fe6a7aebe155866eddc577e5a03db3e0dc73f81e0613717b57d8f5301f13a858,14959,397,island-rs,implementation,1,2,0,,,,,pending,investigate,
island-rs/src/procedural_textures/albedo.rs,4569158761b60d253f2f126518e7379fd424fec7bc77c8c1807365f55b200b8e,10920,343,island-rs,implementation,0,0,0,,,,,pending,investigate,
island-rs/src/procedural_textures/cellular.rs,0de092501020b2fbb6c7ec177e2052da40a33d2666488f19887de21f9620c517,13693,399,island-rs,implementation,0,0,0,,,,,pending,investigate,
island-rs/src/procedural_textures/cracked_stone.rs,191113ea05befe25351114c160894175038b48db3f3a7959c0bdacfb6925735f,9628,277,island-rs,implementation,0,0,0,,,,,pending,investigate,
island-rs/src/procedural_textures/editor_protocol.rs,ca94c59d7aa128f27751037e08ba0933ea95b1d0e2e073c275bfe62519165705,61532,1534,island-rs,implementation,0,3,0,,,,,pending,investigate,
island-rs/src/procedural_textures/encoding.rs,5e73861121d2c8d2a860d5dfd20ee708d6bae061a8aaa1c9269de45409e149ba,36097,1044,island-rs,implementation,1,5,0,,,,,pending,investigate,
island-rs/src/procedural_textures/field_program.rs,6f71ce30ccaec7e0d03c4da7a23d63db24673b4171984a74ff350859a66b02bc,15530,477,island-rs,implementation,1,0,0,,,,,pending,investigate,
island-rs/src/procedural_textures/image.rs,5131d49411fe00d00e9570f6df536309e4b9934f37badf2be53ac7e8ee51db64,14257,442,island-rs,implementation,0,0,0,,,,,pending,investigate,
island-rs/src/procedural_textures/layer_stack.rs,a90443a4d44d6eb0aa043b89b281071d0ca0209356f6a2bad0546a71e7e0e1e3,26242,775,island-rs,implementation,0,4,0,,,,,pending,investigate,
island-rs/src/procedural_textures/noise.rs,2de7f9e31c8e28ad56f4ce614c0d4b3d98b0a3fb4068721a7b7832420b5c6792,12043,450,island-rs,implementation,0,0,0,,,,,pending,investigate,
island-rs/src/procedural_textures/normal.rs,35e85372e6b54f80633be261bdf07206ff71f905cf2bbdbcfd8fb85db8086873,5321,165,island-rs,implementation,0,0,0,,,,,pending,investigate,
island-rs/src/procedural_textures/occlusion.rs,3d27f3eaa1d9c28b25148b91f7cf631914f903b4afb1efeca4be6f8b8c9be6c2,9436,280,island-rs,implementation,0,0,0,,,,,pending,investigate,
island-rs/src/procedural_textures/packing.rs,049e98c7970665edca0926744d463662a584741aa660890312e9a601bb32081f,6720,227,island-rs,implementation,0,0,0,,,,,pending,investigate,
island-rs/src/procedural_textures/parameters.rs,21b64fcfcee8d736fa6c33a06b35d12f9bd49bb51eb6f1bb3205da43fa50b97c,13323,460,island-rs,implementation,0,3,0,,,,,pending,investigate,
island-rs/src/procedural_textures/periodic.rs,59a2909513ec296bc39616e5394846e4e81d93cf0c20d4b7282d48334fee822e,8490,259,island-rs,implementation,0,0,0,,,,,pending,investigate,
island-rs/src/procedural_textures/preview.rs,0714fcd5a0567b43edd8e19847926fa95879651555cbc9a011308ebdaa7ff54c,11694,338,island-rs,implementation,0,5,0,,,,,pending,investigate,
island-rs/src/procedural_textures/recipe.rs,533a1a4715caa5384fca0480fbf7ba66874d22e853e589dd1e6bd842976358fa,27851,1017,island-rs,implementation,0,0,0,,,,,pending,investigate,
island-rs/src/procedural_textures/rounded_stones.rs,3b093d77994f0b204fff97a0a97097c5a9cb91856293d811ecd89b7da85619fc,12176,334,island-rs,implementation,0,0,0,,,,,pending,investigate,
island-rs/src/procedural_textures/runtime_materials.rs,e6b82678303e49fdd656078b50cd1494395449acc72576ddbc9cf2d4f7be6386,22499,678,island-rs,implementation,0,2,0,Added TERRAIN selection only; ALL and recipe evaluation remain unchanged. Bevy uses explicit subset; Unity still requests bark.,Preserve existing data/algorithm/serialized bindings beyond the described change.,Existing owners retained; test fixtures clean up their created resources.,No unmeasured whole-pipeline performance claim.,reviewed,focused change reviewed,IMPLEMENTATION.md and validation.json; review scope is the described change.
island-rs/src/procedural_textures/validation.rs,307c3cab742028252a6ab27ba0bdf7bdfcb26ec9d2fba4d560657ed834021aff,46154,1360,island-rs,implementation,2,7,0,,,,,pending,investigate,
island-rs/src/profiling.rs,712c67bed802fd04e05d49917bf8045b9f8f29d55366286a04bbe8346da081f2,758,34,island-rs,implementation,0,0,0,StageTimer callers across native generation; feature-gated Drop logs inclusive duration.,No timer fields or logging without profiling feature; nested scopes are inclusive.,Stack-scoped timer with no retained allocations.,One Instant and stderr record per enabled stage; normal build zero-sized.,reviewed,retain optional instrumentation,Source review; profiling benchmark build.
island-rs/src/raster.rs,23279ea916187fd8f99a234e6eaf3b5dccb38b81169c8e5b7379647deb24c385,6304,191,island-rs,implementation,0,0,0,,,,,pending,investigate,
island-rs/src/reeds.rs,a4f5fdb779fc3263f10e47af51d9c2c3a1e9c45e25fda16b828afa097cf0d38b,28168,819,island-rs,implementation,0,0,0,,,,,pending,investigate,
island-rs/src/rivers.rs,7366ae310bd189f2b0b87c0c4f33e756427246fbe7d91ceacae54057260c170f,46533,1225,island-rs,implementation,0,4,0,,,,,pending,investigate,
island-rs/src/rivers/carving.rs,bf9a8f11519d027be6e4b3c583fd359c8c7a53eb093643cc9b217621c7f833b7,41948,1249,island-rs,implementation,0,3,0,,,,,pending,investigate,
island-rs/src/rivers/channel.rs,8f54f977274437c1626a1d29f71b3d17215ff06ace5dbcf6934a78be138cd740,51485,1392,island-rs,implementation,0,4,0,build_river_footprint and its callers; remaining channel shaping review open.,"Footprint ordering, owner tie-breaks, confluence offsets and visible mesh ends retained; perimeter is derived from the current mesh.",Borrowed inputs and scoped owned generation buffers retain their existing lifetimes; no edits in this file.,Repeated perimeter queries were visible in the final-river profile; optimize shared query rather than cache changing river attributes.,partial,retain behavior; optimize shared boundary query,Source/call-graph review during mesh boundary optimization. Full-file review remains open.
island-rs/src/rivers/geometry.rs,184aa1864e0a97f0fbb5afeb77989292a17a9217a98a897d95f3daf472122a2b,80440,2294,island-rs,implementation,0,17,0,,,,,pending,investigate,
island-rs/src/rivers/rocks.rs,fe0e537703f863d0953ed4855f9ab7eb328b3d094acdee99a31001f3b6518a9a,19604,568,island-rs,implementation,0,0,0,,,,,pending,investigate,
island-rs/src/rivers/tests.rs,0d7a78dff77a2fabec0a813935bb0ce743317f7e43f5de3730239ce95ff4f449,179062,5467,island-rs,test,0,78,0,Reviewed sea-handoff/profile fixtures and new exported multi-waterfall test; remaining file review open.,"Three explicit waterfall drops and flat reaches; exact 3D UV increments, finite UVs, positive interior and zero boundary bank distances.",Constructed test meshes owned locally; no production path changes.,Focused exported mesh fixture passes in under a second; not runtime optimization.,partial,add prescribed exported-waterfall fixture,New unit test passes; waterfall_height_and_frequency_increase_with_smoothed_gradient retained.
island-rs/src/rivers/tracing.rs,9c5b5697e79e8e71fa85da40b5cf61a7b6159e583e77f2b07c8ef2d3f8971e2c,31898,965,island-rs,implementation,0,1,0,,,,,pending,investigate,
island-rs/src/rivers/waterfalls.rs,f055ad6cf8c3081f5e54f61f88ec7fbd892f31133e4df4cd7e9e2050cd28f479,59789,1604,island-rs,implementation,0,25,0,,,,,pending,investigate,
island-rs/src/rng.rs,d72ceec75b73232ad8b50ac0592f0d5f923784e04c055fb67fd13fd57b708b86,857,28,island-rs,implementation,0,0,0,,,,,pending,investigate,
island-rs/src/sea_mask.rs,1b11ad3bba3a26ccbba539a6c723e2882245e69c510b245a61188fe546ca1013,7572,260,island-rs,implementation,0,1,0,,,,,pending,investigate,
island-rs/src/sky.rs,11d1aa1e3d201f68996860d829f61e182b14eadb4a01c93e2879586d53c9a874,6739,173,island-rs,implementation,0,0,0,,,,,pending,investigate,
island-rs/src/terrain.rs,128814241a70514e2b69f91e11e8092941a6ee6e5514572f818e7a6c0cc6ccc0,10647,260,island-rs,implementation,0,0,0,,,,,pending,investigate,
island-rs/src/terrain/coastal_uplift.rs,43ed019909a1444dd635dbe891f665f92e63d617327a61a2a3d8d46bd3cc36a3,3729,92,island-rs,implementation,0,0,0,,,,,pending,investigate,
island-rs/src/terrain/decorations.rs,73004db4a642f631654c5d92f9b7fc8f85b835b8064828654223e80f8ac3cd93,37391,989,island-rs,implementation,0,1,0,"Decorations generation, river proximity exclusion, deterministic steep-face rock drops, CPU collision settling and stone support marking; GPU dispatch remains separate.","Retain RNG ordering, area/noise weighting, separate large-boulder appearance domain, ordered pair contacts, wake/sleep and support rules. Reuse height/normal only for bit-identical XY against the same immutable terrain. Existing adjacent-bin collision invariant bounds maximum pair diameter to one cell.","Solver owns one optional XY/height/normal sample per body. Fixed body order couples each sample to its body; samples drop at solver exit and never enter snapshots, ABI or resident island state.",Measured terrain queries dominate CPU settling. Cache adds one O(body count) allocation per simulation; no per-step allocation. Repeated face-weight scans and large fallback searches remain further measurement candidates.,reviewed,reuse unchanged rock terrain samples within CPU settling,"Source review and original-solver bit comparisons on flat/sloped terrain, overlapping and sleeping bodies, and nearest-vertex fallback. See ROCK_OPTIMIZATION.md for completed benchmark and integration evidence."
island-rs/src/terrain/erosion.rs,39f982012193bc3271b80bfa12875fda09f01f2c56673142320740c59d034e81,51983,1517,island-rs,implementation,0,3,0,Reviewed reference path/transfer and projected-area helpers; remaining thermal/experimental implementation review open.,"Only omit geometry where erosion is already zero; preserve transport, deposition, sub-epsilon soil cleanup, sequential updates and face protections.",Existing borrowed generation state retained; reference-test snapshots own their comparison bytes.,"No new state/allocations. Paired default fixture: generation -2.47%, hydraulic -5.53%.",partial,skip unused erosion geometry,"144 exact step cases, six identical full snapshots, 16 hydraulic debug tests and full native release suite."
island-rs/src/terrain/generation.rs,4b192ec10e1acb4f32574e734d490dc9d5e244a4aaa42a960d9c989b205880af,71065,2062,island-rs,implementation,0,9,0,generate_final_rivers retry lifecycle; remaining generation/snapshot implementation review open.,Each rejected-waterfall attempt restarts from prepared mesh/material and ocean state. Preserve accumulated rejection set and require submerged-carve field before return.,Borrowed inputs and scoped owned generation buffers retain their existing lifetimes; no edits in this file.,Prepared and attempt clones support retry rollback; retain ownership boundaries until their independent cost is measured.,partial,retain behavior; optimize shared boundary query,Source/call-graph review during mesh boundary optimization. Full-file review remains open.
island-rs/src/terrain/generation_method.rs,572b5b5d78e0a49e2e646855e5261b81f920a9791b850e3b3b1cdc6a4465edf3,2901,110,island-rs,implementation,0,0,0,,,,,pending,investigate,
island-rs/src/terrain/gpu_generation.rs,4f6a9603c471404ba580e59cb9b11678bbe1a70e9545dfa17257d6ecd9041c8b,609,13,island-rs,implementation,0,0,0,,,,,pending,investigate,
island-rs/src/terrain/gpu_generation/erosion.rs,2d2368911b1ff2c34742e4752b4aac35278256bb184bc2582cd210910da401cb,21206,622,island-rs,implementation,0,2,0,,,,,pending,investigate,
island-rs/src/terrain/gpu_generation/erosion.wgsl,51038c5425b2bcab3beafe721c4e130fb7efd804d7338daa9652f6708d13d252,10131,268,island-rs,implementation,0,0,0,,,,,pending,investigate,
island-rs/src/terrain/gpu_generation/rocks.rs,f16158d12221cbc6f21ed711e2094807f2d5f528399da8ebf67432eb376ea336,21774,665,island-rs,implementation,0,2,0,,,,,pending,investigate,
island-rs/src/terrain/gpu_generation/rocks.wgsl,3153b41014dc891fc72fea1b4d09371700ce6dab6efa7f8c89eac709cb5719eb,11437,296,island-rs,implementation,0,0,0,,,,,pending,investigate,
island-rs/src/terrain/lod.rs,f8cd485aca892ad58f88e1db16bda6b917f631f239e67a353577b1bdef23b6cd,8706,243,island-rs,implementation,0,5,0,Final generation regenerates LOD1 then LOD2; horizon export simplifies finished LOD2 on demand.,"Meshopt selects source vertices with normal weights and locked domain corners; staged meshes supply budgets only; compacted attributes follow remapped indices. Assumes valid source topology, as supplied internally.","Positions, flattened normals, corner locks and remapping buffers are temporary; returned meshes and TriangleIndex own their storage.",Two simplifications plus one final spatial index; position/normal copies and compaction are candidates only until measured. No quality or triangle-budget change.,reviewed,retain LOD geometry contract; measure allocations before optimization,"Source review plus deterministic subset, horizon corner retention and compaction tests in full native suite."
island-rs/src/terrain/material.rs,3e8636abfb7e64ebeee4967066951297317db1cacaf9e3669b44a20c91e8d7f6,17509,461,island-rs,implementation,0,4,0,,,,,pending,investigate,
island-rs/src/terrain/sampling.rs,ee5458091e7fed89701edc8a0ff98c872d3508544952e0410081fe4b0bd117dd,14316,403,island-rs,implementation,0,0,0,Terrain height/normal/material/support samples and river bank burial use the final spatial index.,"Normalized clamped domain; barycentric first supporting face; river banks take lowest supporting face. Requires valid nonempty indexed terrain. nearest_vertex returns a nearby-bin candidate early, so do not expose it as a guaranteed global-nearest query without a separate correctness change.",Index owns contiguous offsets/faces; sample results borrow no temporary storage; bank mask is scoped to burial.,"Two index construction passes, bin-overlap face storage, no per-query allocation; combined support avoids repeated queries for decorations. Large-triangle bin duplication and fallback radius scans require measurement.",reviewed,retain shared support query; investigate fallback contract separately,Complete source review; existing generation/LOD/bank/surface-map tests. No new empty-mesh or exact-nearest guarantee claimed.
island-rs/src/terrain/snapshot.rs,3c71a1c33cf137f887f9cb7ac02cd8c641bad83990f739c9a6d0a8dfa93c7f29,13252,389,island-rs,implementation,0,0,0,,,,,pending,investigate,
island-rs/src/terrain/surface_maps.rs,0ab5fa944070e3af9cb3f91f61e3479b277a4c0d6164516ee42b2165220291a7,11747,351,island-rs,implementation,0,0,0,,,,,pending,investigate,
island-rs/src/trees.rs,f9515128d4dff442a8b50fdd722f3ccd562a2c81c073b6e422678c22c4622fbc,76813,2158,island-rs,implementation,0,10,0,,,,,pending,investigate,
island-rs/tests/generation.rs,df0943c7f96f2800251a5948c2ca5a50e1791b7c14df4f301e89555478e798c2,33937,1066,island-rs,test,0,0,0,Reviewed river helpers and replaced river integration cases; other integration tests not certified by this entry.,"Separate submerged sea handoff from above-sea geometry/clearance; retain network, UV, indices, banks and confluence checks.",Generated islands scoped to individual tests.,"Visible fixture uses 1024 initial points; longer correctness test, not benchmark.",partial,reconcile river fixture assumptions,Two focused river integration tests passed; full-suite evidence in validation.json.
island-rs/tests/procedural_material_editor.rs,30473d4d6b0c633de2620243da34cebfaabf09a1f286bfbbfd45a636e2c60479,12397,367,island-rs,test,0,1,0,Native integration test and source CI.,Locked hashes reflect existing authored e5f0465 colour parameters; eight non-albedo hashes unchanged.,Temporary output directories owned by test fixture.,No whole-pipeline performance claim.,reviewed,focused change reviewed,Starting implementation reproduced albedo failure; six CLI tests pass after updating two stale albedo hashes.
island-rs/tests/seam_diagnostic.rs,649e37c59ca102e9b105ee01f1cc6f0a1d89b1bc68f2a9a684cfd7b918ac092a,11811,329,island-rs,test,0,0,0,,,,,pending,investigate,
island-rs/texture-recipes/Bark.json,2cbf2065c984ff5e23d66a52812ddbd9bb157c36a69ccf8abeeab01a6868456e,2702,130,island-rs,build/config,0,0,0,,,,,pending,investigate,
island-rs/texture-recipes/Beach.json,e2c8bc1a01bdeeb3a437d2f00d060c5ab540f48949cdc3dea33e1dd01e57ff20,3019,145,island-rs,build/config,0,0,0,,,,,pending,investigate,
island-rs/texture-recipes/Dirt.json,a71565ee39092bca8154a2ddfa7fe12b5e2f85a08e8948d5a93289785869552c,6397,297,island-rs,build/config,0,0,0,,,,,pending,investigate,
island-rs/texture-recipes/FallenStones.json,7b4b7d35ae3050e9bbecc51e9f94aeafd13146ef7923eebd73325b7c0a8afe8a,10848,473,island-rs,build/config,0,0,0,,,,,pending,investigate,
island-rs/texture-recipes/ForestFloor.json,933c218c2327c8c81116deaed584a2e5a45a6b2abb0df763d61928d39c817897,11314,444,island-rs,build/config,0,0,0,,,,,pending,investigate,
island-rs/texture-recipes/PlateBark.json,9c7cfa66aeca6ac2345dbfab7099ed7677113d590cc5ac19168e86c5dd115e50,6204,246,island-rs,build/config,0,0,0,,,,,pending,investigate,
island-rs/texture-recipes/cracked-stone.json,7ba185654654dd9f03ef5f5894abb2aa232949b9c96d243247e3f654ab7269a1,2712,114,island-rs,build/config,0,0,0,,,,,pending,investigate,
island-rs/texture-recipes/rounded-river-stones.json,c1f55ac49d23ce4f82028d0371cc14c8bc96681d52cd70322c7240d184dccd37,3191,138,island-rs,build/config,0,0,0,,,,,pending,investigate,
island-rs/validation/cave-ambient-fill-2026-09-10/README.md,e640804fe89368551d3a39741b5b2dfd590bf65ee9482c458f888417d7c8d81e,1063,16,island-rs,documentation,0,0,0,,,,,pending,investigate,
island-rs/validation/cave-ambient-fill-2026-09-10/junction-fill.png,9e920ef4ea2cf9d8f60fb600855b3bd245f3e52998b245964bc8cdad54125fc2,379801,0,island-rs,asset/metadata,0,0,0,,,,,pending,investigate,
island-rs/validation/cave-branch-generations-2026-09-10/README.md,eaf38eebd506453d0b5ee6533dc1d71df5a659eaf54068356046d7e2f6d8a14c,2197,35,island-rs,documentation,0,0,0,,,,,pending,investigate,
island-rs/validation/cave-entrance-lip-2026-09-10/README.md,63a869de956a32e86f5672fbb6954b87d59f42d7f5b10870a4bb39e94d23f75f,1778,30,island-rs,documentation,0,0,0,,,,,pending,investigate,
island-rs/validation/cave-entrance-lip-2026-09-10/upper-lip.png,4cfde16522e48e5acd58c9370f53311f283e57eb0e4cc607058413b49258b2f6,114942,0,island-rs,asset/metadata,0,0,0,,,,,pending,investigate,
island-rs/validation/cave-floor-stones-2026-09-10/README.md,eb98ff9bf63bf9e47cd3510f447667a49b90b9347dd5ee6e5da5ea8d27aa1123,1759,29,island-rs,documentation,0,0,0,,,,,pending,investigate,
island-rs/validation/cave-floor-stones-2026-09-10/chamber-stones.png,e98e89b05b003ba97f029083b4a854b0c8c4ea176f4768d81daa8047fef08cea,375522,0,island-rs,asset/metadata,0,0,0,,,,,pending,investigate,
island-rs/validation/cave-floor-stones-2026-09-10/edge-stones.png,556cb023d6a45b229407c6f2e36903ba7696b530b3e93bd9fa6de8a5ec698bb2,379073,0,island-rs,asset/metadata,0,0,0,,,,,pending,investigate,
island-rs/validation/cave-junctions-2026-09-09/README.md,b8f70e28ce0720d006277eed92eb464b7f15d1ca2b67555599f212741bba4785,2052,34,island-rs,documentation,0,0,0,,,,,pending,investigate,
island-rs/validation/cave-networks-2026-09-09/README.md,7f6220a4db366e47613cb6563ba71f4df8286070c2e37f1b76c4fc0edbc76c8a,3022,56,island-rs,documentation,0,0,0,,,,,pending,investigate,
island-rs/validation/cave-rounded-interior-2026-09-10/README.md,1dac4f345b1da7b77098250e420feeecb8d732205a667ac3faf012c1a3e4e9b3,2400,39,island-rs,documentation,0,0,0,,,,,pending,investigate,
island-rs/validation/cave-rounded-interior-2026-09-10/junction-after.png,975599549840ff2e92969a8364a9db1c899409ab12367652baab81ea3fb9df44,341463,0,island-rs,asset/metadata,0,0,0,,,,,pending,investigate,
island-rs/validation/cave-rounded-interior-2026-09-10/junction-before.png,9e920ef4ea2cf9d8f60fb600855b3bd245f3e52998b245964bc8cdad54125fc2,379801,0,island-rs,asset/metadata,0,0,0,,,,,pending,investigate,
island-rs/validation/cave-walks-2026-09-09/README.md,120c4b61609b0c01c82005375646f922bef843e5e0f94bd8ead348e8768cc795,4200,75,island-rs,documentation,0,0,0,,,,,pending,investigate,
island-rs/validation/caves-2026-09-09/README.md,73d9e7224e226642047acd9ae20fafe2f3c34203e6b17c13c1ca8bc060e5c9b2,6723,127,island-rs,documentation,0,0,0,,,,,pending,investigate,
island-rs/validation/caves-2026-09-09/corpus.json,d86dac65af9779c9297575d792246fccebcb1a5d028f0d44b9adf83118f14466,15687,642,island-rs,build/config,0,0,0,,,,,pending,investigate,
island-rs/validation/caves-2026-09-09/full-resolution.json,e55dfd96df1f75f0ea01336026a7f65b0405df18a2b16c63b8a7767d50e3bc6b,798,33,island-rs,build/config,0,0,0,,,,,pending,investigate,
island-rs/validation/caves-2026-09-09/unity-installation.json,0b8c2a7073223ec137ad69ac4f863d58cf46c7d8a1f39e2155ce87008c560d69,427,16,island-rs,build/config,0,0,0,,,,,pending,investigate,
island-tree/Cargo.lock,8e76d6180666b4ba2493240d2ec554c126c46d01054a1400af416aaf64dd813e,157417,6563,island-tree,build/config,0,0,0,,,,,pending,investigate,
island-tree/Cargo.toml,6e03511070dd2728b5c02bcc9b4c35df05d61a0828e7ffdff7040e0bb6bec421,615,34,island-tree,build/config,0,0,0,,,,,pending,investigate,
island-tree/README.md,cac107a20c993996f80b2e1127d309a45e1be2dac9ede38f07712312ba59989c,4157,85,island-tree,documentation,0,0,0,,,,,pending,investigate,
island-tree/assets/showcase/harakeke.png,b515605964580df5c48bab6b6369626829658f974dde2472548316678defa837,15822,0,island-tree,asset/metadata,0,0,0,,,,,pending,investigate,
island-tree/assets/showcase/kauri.png,d9c934fabb49cf868c9f8f6ee566a0bdb97ef75f3c0c52001e573c00da0346fe,18846,0,island-tree,asset/metadata,0,0,0,,,,,pending,investigate,
island-tree/assets/showcase/manuka.png,f6cf39c96a517e255e52cd83c0241bf80ca716c087787c537a3ed7f9fd525484,14669,0,island-tree,asset/metadata,0,0,0,,,,,pending,investigate,
island-tree/assets/showcase/nikau.png,ac1dab1d6a45c1b37e02168c41af120a72dae75005168b5398998bf09d26ffe1,14381,0,island-tree,asset/metadata,0,0,0,,,,,pending,investigate,
island-tree/assets/showcase/pohutukawa.png,d59816b50fd1c63bc41db9ea9e6a403dca09e679152e27c2d156d0447db2571f,18138,0,island-tree,asset/metadata,0,0,0,,,,,pending,investigate,
island-tree/assets/showcase/rimu.png,bf8db502c864ad226ef64f9911c433142e22078c472f2b9db0b60ab29d0eb8f4,16807,0,island-tree,asset/metadata,0,0,0,,,,,pending,investigate,
island-tree/src/botany.rs,3f4c437c1e435e0de1e749d0b57ceee9136acda5f620f24a6cddfc98fc284e9d,1206,36,island-tree,implementation,0,0,0,,,,,pending,investigate,
island-tree/src/botany/generator.rs,450421611c537242beaf06671b32bd956d6451fc888f6d656ec10aca8e03feca,160052,4258,island-tree,implementation,0,2,0,,,,,pending,investigate,
island-tree/src/botany/harakeke.rs,4f0008dfe96152c59db217d4b857fa25c8445178938c8289c723333cadf64b50,55162,1224,island-tree,implementation,0,0,0,,,,,pending,investigate,
island-tree/src/botany/impostor.rs,73e59047bc09ab3fde2e1cbcd4d265d77ba4f7064f9b997ff33b4f10a6a0cdf4,22051,597,island-tree,implementation,0,0,0,,,,,pending,investigate,
island-tree/src/botany/kauri.rs,73db7bbb3f045646341e3d0fde6456867d023be87455f0987df35f10eb1f6ba6,23274,612,island-tree,implementation,0,0,0,,,,,pending,investigate,
island-tree/src/botany/manuka.rs,d873dbadc887a894d1128fcc6e958bf8ddbb35c1e19acc7028dc1c531d7f4a5f,26905,698,island-tree,implementation,0,0,0,,,,,pending,investigate,
island-tree/src/botany/model.rs,654c8b1007d55331c4a56821ce4b42bbdc5a543d2aaf421cfb7676a1d9ef8354,14737,430,island-tree,implementation,0,0,0,,,,,pending,investigate,
island-tree/src/botany/nikau.rs,fee63db94f7a2fa4d48aa3f85035176574e419009ea39f7086eaf9f77fdf7af6,36372,977,island-tree,implementation,0,0,0,,,,,pending,investigate,
island-tree/src/botany/random.rs,5198cc575a8c0ab575dacea19cdd31520e3096cf9771c9b05989ce2a15ed6fd6,1033,31,island-tree,implementation,0,0,0,,,,,pending,investigate,
island-tree/src/botany/rimu.rs,1be18444b6a7ca318e6e8c813a4443386761a99e92d207f1f1171f5d09b2625f,23236,615,island-tree,implementation,0,0,0,,,,,pending,investigate,
island-tree/src/lib.rs,8e2789ebe675fc656dfaeb59152895f0ff246d38fb90f53098fd5771500af314,1201,24,island-tree,implementation,0,0,0,,,,,pending,investigate,
island-tree/src/main.rs,f73d83c4734741223d8089b5074be6d44a324862a15e069d197c71215810612b,88563,2639,island-tree,implementation,0,34,0,,,,,pending,investigate,
island-tree/src/render.rs,3f5177b175af21ff0641fc094bbefa2c882c16806cab9830512add0ecb673ce3,643,15,island-tree,implementation,0,0,0,,,,,pending,investigate,
island-tree/src/render/bark_material.rs,ba7dd68118efef30be60490403584d56ab47bd8711a155c5c142d4fc1947670a,1392,41,island-tree,implementation,0,1,0,,,,,pending,investigate,
island-tree/src/render/compiler.rs,ba46462c79ff419e90da1b846c2c1951e8df6c30e794de16e7383e023e8644c0,26124,733,island-tree,implementation,0,1,0,,,,,pending,investigate,
island-tree/src/render/impostor_material.rs,45c3b2fce40637e5309cede2d91d55ffe4fec487fdb8728b17fed8bf627fb094,1648,53,island-tree,implementation,0,2,0,,,,,pending,investigate,
island-tree/src/render/leaf_material.rs,e224e2e816ebc965da46f5417771d4075740c39963a9f6b79b67ff01cf5f42c7,1386,41,island-tree,implementation,0,1,0,,,,,pending,investigate,
island-tree/src/render/shaders/bark_material.wgsl,f7ace343ac188ba4c255931e8a4c9da788f6738259b260ef6d4883026cc35339,2548,66,island-tree,implementation,0,0,0,,,,,pending,investigate,
island-tree/src/render/shaders/impostor_material.wgsl,4d6cf32665beb23b9d6cc4786989c3333125625c949e8b02316080e6045a0ff9,3827,103,island-tree,implementation,0,0,0,,,,,pending,investigate,
island-tree/src/render/shaders/leaf_material.wgsl,9c51e416da9f0fcfb247954ece1c57d643d7fd653d6f9566f33160be84e60c30,8876,226,island-tree,implementation,0,0,0,,,,,pending,investigate,
island-tree/src/studio.rs,b0faedff585608c13bdea70af2a3f0d1b2c6948ceeb2669383bd39ae006a37fb,58824,1678,island-tree,implementation,0,1,0,,,,,pending,investigate,
island-unity/.vscode/extensions.json,99ad80dd86d99326e354f18a4a7f77a38434d39dad9c3503b3a9594e08bb01db,75,5,island-unity,build/config,0,0,0,,,,,pending,investigate,
island-unity/.vscode/launch.json,314af30527d85081412909337f20badb462068cfd21ce03a89e406df22e38afa,178,10,island-unity,build/config,0,0,0,,,,,pending,investigate,
island-unity/.vscode/settings.json,132fd4ea5fd24e44688e273d5bf898a6c542c6afc35c9fef3a537747ed12b32b,1834,71,island-unity,build/config,0,0,0,,,,,pending,investigate,
island-unity/Assets/Editor.meta,09b7cd662ed0c6cd19f7febdea44a921025a014e9a73752e1495a4332ab7754c,172,8,island-unity,asset/metadata,0,0,0,,,,,pending,investigate,
island-unity/Assets/Editor/CaveDiagnosticsEditor.cs,2494c78d9d21476f83a1b3ea7489a1c5b5fe7213086218ddfe4d375d4d6b1f16,3631,60,island-unity,editor,0,0,1,,,,,pending,investigate,
island-unity/Assets/Editor/CaveDiagnosticsEditor.cs.meta,447b83d82f3bd75cc78dc5f8e7269f3db153c86c213a5045c008e8f15b2e7b29,60,2,island-unity,asset/metadata,0,0,0,,,,,pending,investigate,
island-unity/Assets/Editor/ForestStreamingBenchmark.cs,5518cc13b83f65acc80bd4808af0797571335edbbe8c2f11dd6613c278fc5b04,6067,125,island-unity,editor,0,0,0,Preparation -> TerrainTileStreamer -> ForestTileStreamer -> ForestGridWorker; benchmark and test entry points.,"Read-only snapshot benchmark, sequential channel payload counting and individual Unity mesh upload timing reviewed; no global RSS claim.",Whole native forest remains resident; managed detail arrays transfer once; pending and installed Unity details are owned by the streamer.,"FOREST_STREAMING.md records summed whole-island payload and maximum temporary region, with mesh upload and snapshot-load limits.",reviewed,bounded forest detail residency,FOREST_STREAMING.md; forest-streaming/large-island.json; forest_streaming in validation.json.
island-unity/Assets/Editor/ForestStreamingBenchmark.cs.meta,13e12c3edbeeb8cd36718e2498c5acd615b6c5f45591f25d9e7a3c6da138af44,60,2,island-unity,asset/metadata,0,0,0,,,,,pending,investigate,
island-unity/Assets/Editor/IslandNavigationBenchmark.cs,2b95c5fa5c14eb73e920014abc8b967aba4b55dfede59fc83fe58b316335e2e9,10951,199,island-unity,editor,0,1,2,,,,,pending,investigate,
island-unity/Assets/Editor/IslandNavigationBenchmark.cs.meta,b60849c13cd299b030d825dfb43d912d2673f08a412961af2358baea2702bb98,60,2,island-unity,asset/metadata,0,0,0,,,,,pending,investigate,
island-unity/Assets/Editor/IslandProjectSetup.cs,17adcc77a453cebf243a1771652f2c43deec9e652836329e26aa8a4810265c71,20280,439,island-unity,editor,0,2,18,,,,,pending,investigate,
island-unity/Assets/Editor/IslandProjectSetup.cs.meta,877abd25976231a622e5ad34101629813f9ebfbc9da9094d0686d048d60d1637,59,2,island-unity,asset/metadata,0,0,0,,,,,pending,investigate,
island-unity/Assets/Editor/Motu.Samples.Editor.asmdef,17a39fedfbdaa3f9d2a9e7eedbae156077a86702ff9280c3f2982a41f921b5ef,182,12,island-unity,build/config,0,0,0,,,,,pending,investigate,
island-unity/Assets/Editor/Motu.Samples.Editor.asmdef.meta,429a45134c6212a36ce5505384bafccb1ef22879f4cccfcf5b071ccf35dd1c00,60,2,island-unity,asset/metadata,0,0,0,,,,,pending,investigate,
island-unity/Assets/Editor/ShipHelmSetup.cs,4bc28cc9b3ff9b72ab53814d5e45fa476801cb6aa821937fe2b63b0556003590,7159,127,island-unity,editor,0,0,2,,,,,pending,investigate,
island-unity/Assets/Editor/ShipHelmSetup.cs.meta,78bb2e2b2c3325f404e4b15f82a4381678d5d1e8c5a7cc287c1c735a2ff57367,60,2,island-unity,asset/metadata,0,0,0,,,,,pending,investigate,
island-unity/Assets/Editor/TreeProjectSetup.cs,a37c8ae9ea1c39ed3b7b015bac99ac1ca3229533317d94e1f73357119577caa9,11594,259,island-unity,editor,0,2,4,,,,,pending,investigate,
island-unity/Assets/Editor/TreeProjectSetup.cs.meta,0a99b9ddaca14653f0c7db74ebe94f15500a17c7c947890ec2e72fcc6416787b,60,2,island-unity,asset/metadata,0,0,0,,,,,pending,investigate,
island-unity/Assets/Editor/UnityProjectBuild.cs,0d0d3812ea7199475d1c27cd9c7ab5357cd3af59c2e3e9336bb33e12b0ce0b04,1231,30,island-unity,editor,0,1,0,,,,,pending,investigate,
island-unity/Assets/Editor/UnityProjectBuild.cs.meta,e4b8ec1c8eb42ca28964c652a2964d503e50dcf0e796cbfa3a0350dca72ecac7,60,2,island-unity,asset/metadata,0,0,0,,,,,pending,investigate,
island-unity/Assets/Generated.meta,cb758ecfe02dff254beb3e3df7e0c0661628d32364f3b3b959c61679ccf9ed23,169,8,island-unity,asset/metadata,0,0,0,,,,,pending,investigate,
island-unity/Assets/Generated/Textures.meta,ce5c45cdc6e01700344fca390caf81193c010091ee3791bbef248e3c890e4032,169,8,island-unity,asset/metadata,0,0,0,,,,,pending,investigate,
island-unity/Assets/Generated/Textures/Bark.meta,b23256d306a8257562c48fd27be2363d52ef4c980866e4044c2994c66828e08c,169,8,island-unity,asset/metadata,0,0,0,,,,,pending,investigate,
island-unity/Assets/Generated/Textures/Bark/Bark.texture-set.json,872a015cd8fefdeeb08dae069cba721ab35c34ca6514af7abc4c29985c652a07,1777,69,island-unity,build/config,0,0,0,,,,,pending,investigate,
island-unity/Assets/Generated/Textures/Bark/Bark.texture-set.json.meta,bb13fade02f0f8d81427450f0cef874f2b3c3231801c175f8e0b17b997f34246,155,7,island-unity,asset/metadata,0,0,0,,,,,pending,investigate,
island-unity/Assets/Generated/Textures/Bark/Bark_albedo.png,ce5a074c5be695a44726227a3776f24e4ca5fa92219006cce81f88c88e9d98dc,69049,0,island-unity,asset/metadata,0,0,0,,,,,pending,investigate,
island-unity/Assets/Generated/Textures/Bark/Bark_albedo.png.meta,5dc5226c8037e2a5b033fe18d8050c1fc2174a98369931cf88f5a966015401f9,2645,117,island-unity,asset/metadata,0,0,0,,,,,pending,investigate,
island-unity/Assets/Generated/Textures/Bark/Bark_height.png,b875074d10f310852c07915a43a4de22a48c628061af0e8628300ff3d70b2461,113366,0,island-unity,asset/metadata,0,0,0,,,,,pending,investigate,
island-unity/Assets/Generated/Textures/Bark/Bark_height.png.meta,44f42fddfb8fa4ab1fa8ca98ad44076991fd794c70b4e81170b6cddf832c3e85,2645,117,island-unity,asset/metadata,0,0,0,,,,,pending,investigate,
island-unity/Assets/Generated/Textures/Bark/Bark_mask.png,43176724c8220c33b63b02f726b1c8417e2362223a538ac8114d509dc1db8bec,101610,0,island-unity,asset/metadata,0,0,0,,,,,pending,investigate,
island-unity/Assets/Generated/Textures/Bark/Bark_mask.png.meta,ea5569504fd9116376e436de99137321c223a39ba58f1b7e8a64854848dd20a9,2645,117,island-unity,asset/metadata,0,0,0,,,,,pending,investigate,
island-unity/Assets/Generated/Textures/Bark/Bark_normal.png,f4362ab22877c32c43066dd9d90873017d6c64f21982242400f8fe2f13ee8dae,139425,0,island-unity,asset/metadata,0,0,0,,,,,pending,investigate,
island-unity/Assets/Generated/Textures/Bark/Bark_normal.png.meta,c45a2af8267d636ae28c979a66fda6fde99a0611512ccca15aba6ac4c8ddee0a,2645,117,island-unity,asset/metadata,0,0,0,,,,,pending,investigate,
island-unity/Assets/Generated/Textures/Bark/Bark_occlusion.png,9c7846444001a63d9974622735ae34c4e125c409655975eee2c64aca81946c7d,43132,0,island-unity,asset/metadata,0,0,0,,,,,pending,investigate,
island-unity/Assets/Generated/Textures/Bark/Bark_occlusion.png.meta,010d2a6b6c6ca8b347832b98bb20402fdfd9877c6fc006b6a1af3d1750f3a104,2645,117,island-unity,asset/metadata,0,0,0,,,,,pending,investigate,
island-unity/Assets/Generated/Textures/CrackedStone.meta,c1a1057a7d9180c51dda1af88a7798449f8e36e77dec5c7d660e1b702ca774c2,169,8,island-unity,asset/metadata,0,0,0,,,,,pending,investigate,
island-unity/Assets/Generated/Textures/CrackedStone/CrackedStone.texture-set.json,e6f4d6890c29a60e776a440a23089001181affa268df176ea3aa36562c105c3c,1839,69,island-unity,build/config,0,0,0,,,,,pending,investigate,
island-unity/Assets/Generated/Textures/CrackedStone/CrackedStone.texture-set.json.meta,a0444a3d24313bb0176c32519ad1825b021db79a712e2f3fdf8fcc2f5fae9e1e,155,7,island-unity,asset/metadata,0,0,0,,,,,pending,investigate,
island-unity/Assets/Generated/Textures/CrackedStone/CrackedStone_albedo.png,9ef6c1f2dd85f468b56b70f5fc576e3e39073dd3de14f7010d42e91cd1c19318,916776,0,island-unity,asset/metadata,0,0,0,,,,,pending,investigate,
island-unity/Assets/Generated/Textures/CrackedStone/CrackedStone_albedo.png.meta,83d7766759094a5b67fc187943ef642af40c06f5dba2baeefe9398b06a6e7c48,2645,117,island-unity,asset/metadata,0,0,0,,,,,pending,investigate,
island-unity/Assets/Generated/Textures/CrackedStone/CrackedStone_height.png,34bf09a81e7d9f2bc2151c6335eedee35ee54e8c625596eeddad92486d76d647,5187862,0,island-unity,asset/metadata,0,0,0,,,,,pending,investigate,
island-unity/Assets/Generated/Textures/CrackedStone/CrackedStone_height.png.meta,4d29683c544ad73b1ec5bc3968b19372b88e0eab71ff161d32ee9730a431c91b,2645,117,island-unity,asset/metadata,0,0,0,,,,,pending,investigate,
island-unity/Assets/Generated/Textures/CrackedStone/CrackedStone_mask.png,45a55266ce2d0deb7f23437ed3e3492fc8896c95ac4355514394f9df7362b641,2553544,0,island-unity,asset/metadata,0,0,0,,,,,pending,investigate,
island-unity/Assets/Generated/Textures/CrackedStone/CrackedStone_mask.png.meta,47feff24a5aba4f35b6a55b6dbdb64eab6daa899d518c25c2dae964c225306e1,2645,117,island-unity,asset/metadata,0,0,0,,,,,pending,investigate,
island-unity/Assets/Generated/Textures/CrackedStone/CrackedStone_normal.png,fb299b70c54d422507fcb9310664b60f00159347ef149edbd501592b75ae502c,3001252,0,island-unity,asset/metadata,0,0,0,,,,,pending,investigate,
island-unity/Assets/Generated/Textures/CrackedStone/CrackedStone_normal.png.meta,9c09d2da4e57af3c0c697770306da73623ad4e4cfb0b153d1d237d5985950472,2645,117,island-unity,asset/metadata,0,0,0,,,,,pending,investigate,
island-unity/Assets/Generated/Textures/CrackedStone/CrackedStone_occlusion.png,3036fe69f818472c70f623654ea9600df3c2f545a2e4997f31c56c60e826742c,977331,0,island-unity,asset/metadata,0,0,0,,,,,pending,investigate,
island-unity/Assets/Generated/Textures/CrackedStone/CrackedStone_occlusion.png.meta,bc6cfe5b4d2fb8f149ef69af3b02b8f6f9532878dd660bb56cfa6d69c5034ff7,2645,117,island-unity,asset/metadata,0,0,0,,,,,pending,investigate,
island-unity/Assets/Generated/Textures/FallenStones.meta,6d9491ed2d2b8145b72b44132f5a746fb09cbc4dfe633918cdc978a09715c1ab,169,8,island-unity,asset/metadata,0,0,0,,,,,pending,investigate,
island-unity/Assets/Generated/Textures/FallenStones/FallenStones.texture-set.json,f5e9a9114219121d34c2364f46b21403b552effaa02bd4a685fc37bbbab34746,1845,69,island-unity,build/config,0,0,0,,,,,pending,investigate,
island-unity/Assets/Generated/Textures/FallenStones/FallenStones.texture-set.json.meta,a3c2f6733a286a6c9347af91cf9bf9b580cec714ae6ae36831eb06be8ed62b1a,155,7,island-unity,asset/metadata,0,0,0,,,,,pending,investigate,
island-unity/Assets/Generated/Textures/FallenStones/FallenStones_albedo.png,ae245c494002dd5994a03dd5b137048cfe5b1211893ce45e8f8995100a4158bd,1196011,0,island-unity,asset/metadata,0,0,0,,,,,pending,investigate,
island-unity/Assets/Generated/Textures/FallenStones/FallenStones_albedo.png.meta,42bbd4a8cb71b7d4697bde1efb5d069e7042521ca897e6e989a11e5b02db520d,712,35,island-unity,asset/metadata,0,0,0,,,,,pending,investigate,
island-unity/Assets/Generated/Textures/FallenStones/FallenStones_height.png,53af022b1b092d3dc26af8e98c96ed2d9df40043ef2e3a71d6619d74c214ea9a,1270446,0,island-unity,asset/metadata,0,0,0,,,,,pending,investigate,
island-unity/Assets/Generated/Textures/FallenStones/FallenStones_height.png.meta,9108759a37d5377e503ae76e61f76d284e4b50b377857680622ed3fa563f5ed7,712,35,island-unity,asset/metadata,0,0,0,,,,,pending,investigate,
island-unity/Assets/Generated/Textures/FallenStones/FallenStones_mask.png,799f4d53761d230e893afa11077cef859bde82e2ac54a4c40fd61a458186a5d8,1816249,0,island-unity,asset/metadata,0,0,0,,,,,pending,investigate,
island-unity/Assets/Generated/Textures/FallenStones/FallenStones_mask.png.meta,12802c5280ea95f7211216cbf59db3ac18492f530595f89c03e927229eb45bc0,712,35,island-unity,asset/metadata,0,0,0,,,,,pending,investigate,
island-unity/Assets/Generated/Textures/FallenStones/FallenStones_normal.png,b0660bf04209293ffe6399e8a419b846f0b493f41c303a6e5e6b854ec0cfbea3,2169885,0,island-unity,asset/metadata,0,0,0,,,,,pending,investigate,
island-unity/Assets/Generated/Textures/FallenStones/FallenStones_normal.png.meta,101f75be8e55a386aa17deec27c91823c163d0fdee6c28f971f47902acc95b8d,712,35,island-unity,asset/metadata,0,0,0,,,,,pending,investigate,
island-unity/Assets/Generated/Textures/FallenStones/FallenStones_occlusion.png,9eb11e8993099dc6cb6f80dc76d9783862291d5a37abf384cc9fb6bf02d41a7e,932715,0,island-unity,asset/metadata,0,0,0,,,,,pending,investigate,
island-unity/Assets/Generated/Textures/FallenStones/FallenStones_occlusion.png.meta,54186aa7149e4eafca610b084c57d21a78e710ac8283fb1967e455943a48549a,712,35,island-unity,asset/metadata,0,0,0,,,,,pending,investigate,
island-unity/Assets/Generated/Textures/ForestFloor.meta,598bde08d09975541a15c64dfafee447afa67aeb971388161f9cc3bccacd3bad,169,8,island-unity,asset/metadata,0,0,0,,,,,pending,investigate,
island-unity/Assets/Generated/Textures/ForestFloor/ForestFloor.texture-set.json,4fdaccccd353449666ce2fbfe1e5f2cb40f219f981bcc8d51e7d8e5cb64d9e60,1839,69,island-unity,build/config,0,0,0,,,,,pending,investigate,
island-unity/Assets/Generated/Textures/ForestFloor/ForestFloor.texture-set.json.meta,14c97e0777cb2f50b32f793bc054d271896eee32026e795a35c48f0941b30515,155,7,island-unity,asset/metadata,0,0,0,,,,,pending,investigate,
island-unity/Assets/Generated/Textures/ForestFloor/ForestFloor_albedo.png,a03fed398a1d0d81f5ba3c6cfc344cc0e2727dfb79d33c0729f3dd52d9e16f0f,1038904,0,island-unity,asset/metadata,0,0,0,,,,,pending,investigate,
island-unity/Assets/Generated/Textures/ForestFloor/ForestFloor_albedo.png.meta,ef973193e26c6f0e14d3f42bde257162089012f97135f8fb72867d55a725d097,2645,117,island-unity,asset/metadata,0,0,0,,,,,pending,investigate,
island-unity/Assets/Generated/Textures/ForestFloor/ForestFloor_height.png,ad80c5b3fc669058f634f13095ea8f15bd8aa2bb750e95410ab5c5027e606079,1839948,0,island-unity,asset/metadata,0,0,0,,,,,pending,investigate,
island-unity/Assets/Generated/Textures/ForestFloor/ForestFloor_height.png.meta,413ffc83240d30a1fc9846b825fe84fa5cc0bb9ce885732048daf21d10c6a21f,2645,117,island-unity,asset/metadata,0,0,0,,,,,pending,investigate,
island-unity/Assets/Generated/Textures/ForestFloor/ForestFloor_mask.png,7a1e078de8bbd40527f8d0ebe9771223c254d357dc05504c78eaa689f03d1f14,1623571,0,island-unity,asset/metadata,0,0,0,,,,,pending,investigate,
island-unity/Assets/Generated/Textures/ForestFloor/ForestFloor_mask.png.meta,9a1fb078a7500337e983ba979827c79d0d6dced11a2819fa945b9347edf39077,2645,117,island-unity,asset/metadata,0,0,0,,,,,pending,investigate,
island-unity/Assets/Generated/Textures/ForestFloor/ForestFloor_normal.png,114cf49c21b52c8a45658ea812c8de4039d95b6e1851e90f8f845433ea0ed671,1969617,0,island-unity,asset/metadata,0,0,0,,,,,pending,investigate,
island-unity/Assets/Generated/Textures/ForestFloor/ForestFloor_normal.png.meta,94758bfc06b92bede4307116b3adb0c4b569789da13d63cd2e6416c2692442b6,2645,117,island-unity,asset/metadata,0,0,0,,,,,pending,investigate,
island-unity/Assets/Generated/Textures/ForestFloor/ForestFloor_occlusion.png,9c36902dba0d58adcb285fbf7cc560c9b1a37a9e96eb9ef424184846b1913538,785532,0,island-unity,asset/metadata,0,0,0,,,,,pending,investigate,
island-unity/Assets/Generated/Textures/ForestFloor/ForestFloor_occlusion.png.meta,d61c133290a9d6e606df05348d8e19deca217eeb78862f6c22c26cac66752192,2645,117,island-unity,asset/metadata,0,0,0,,,,,pending,investigate,
island-unity/Assets/Generated/Textures/PlateBark.meta,199ea134fe4882807ce2c24864acd387c1c6dd03e09774022a487ad7e92006e7,169,8,island-unity,asset/metadata,0,0,0,,,,,pending,investigate,
island-unity/Assets/Generated/Textures/PlateBark/PlateBark.texture-set.json,7be6e271b66996c177f5984d252e5ea71425f78dae4ae0332d578754c98ddad8,1826,69,island-unity,build/config,0,0,0,,,,,pending,investigate,
island-unity/Assets/Generated/Textures/PlateBark/PlateBark.texture-set.json.meta,4ddf9c6f6ac798e75c32648f42c21a63c7f0e43abaa40aea0f154ccd1c01079c,155,7,island-unity,asset/metadata,0,0,0,,,,,pending,investigate,
island-unity/Assets/Generated/Textures/PlateBark/PlateBark_albedo.png,2d6f17fdfdbb0578d90ab9b7540885cf4861d56b56147c2d571872f74d61c4e1,1356358,0,island-unity,asset/metadata,0,0,0,,,,,pending,investigate,
island-unity/Assets/Generated/Textures/PlateBark/PlateBark_albedo.png.meta,9fadf0fb85dd7ec4400a22ee5a28e8831bd2fe37edfdc35bb497544d3b32f5aa,2645,117,island-unity,asset/metadata,0,0,0,,,,,pending,investigate,
island-unity/Assets/Generated/Textures/PlateBark/PlateBark_height.png,e6d3f4617549a21d4d4d26987bf174c7da90033437f739eacd15f8faaef82130,1866685,0,island-unity,asset/metadata,0,0,0,,,,,pending,investigate,
island-unity/Assets/Generated/Textures/PlateBark/PlateBark_height.png.meta,9a3f68050a8b0d43a17220ca32a376afa681be58980c5db57c406ba7fb889c84,2645,117,island-unity,asset/metadata,0,0,0,,,,,pending,investigate,
island-unity/Assets/Generated/Textures/PlateBark/PlateBark_mask.png,791f372acbf652f591890fd56879cb1a81042cf1a904fa5b16279a3ec6b8ac9f,2009792,0,island-unity,asset/metadata,0,0,0,,,,,pending,investigate,
island-unity/Assets/Generated/Textures/PlateBark/PlateBark_mask.png.meta,eff3369da7b8a2c1078178c9b9ec4c2454ee3d392d09da7f93344b4c3d71d4fc,2645,117,island-unity,asset/metadata,0,0,0,,,,,pending,investigate,
island-unity/Assets/Generated/Textures/PlateBark/PlateBark_normal.png,33e56c4ba70852a76639fb33fbad68a651d237ee1547425d66edbabb383f72cf,2618885,0,island-unity,asset/metadata,0,0,0,,,,,pending,investigate,
island-unity/Assets/Generated/Textures/PlateBark/PlateBark_normal.png.meta,67fe397ce29cd8ab1f8f89d43f866a078a26a21aa0f7d0c28070e89545d106fb,2645,117,island-unity,asset/metadata,0,0,0,,,,,pending,investigate,
island-unity/Assets/Generated/Textures/PlateBark/PlateBark_occlusion.png,2553a8dacea4ee38799977d2a038e0f50517f147ed1294d33250321252bb544e,1028557,0,island-unity,asset/metadata,0,0,0,,,,,pending,investigate,
island-unity/Assets/Generated/Textures/PlateBark/PlateBark_occlusion.png.meta,68f6ced81844a5226e6d417433a47c905a013e15998bb0c82999f5d0257c0142,2645,117,island-unity,asset/metadata,0,0,0,,,,,pending,investigate,
island-unity/Assets/Generated/Textures/RoundedRiverStones.meta,5f63cad1bd248910f4ca9d019458e5c3aad22ba07883653433b619b3996be251,169,8,island-unity,asset/metadata,0,0,0,,,,,pending,investigate,
island-unity/Assets/Generated/Textures/RoundedRiverStones/RoundedRiverStones.texture-set.json,80d89929fc54b1fba2edf1404e54c427bf7f52afd1009cf8c940e0fa83dde9c9,1877,69,island-unity,build/config,0,0,0,,,,,pending,investigate,
island-unity/Assets/Generated/Textures/RoundedRiverStones/RoundedRiverStones.texture-set.json.meta,e6d46d0f0869dd7672d968fb492ebb1f5c32f9c10a7c1bdd0336be2e87da3502,155,7,island-unity,asset/metadata,0,0,0,,,,,pending,investigate,
island-unity/Assets/Generated/Textures/RoundedRiverStones/RoundedRiverStones_albedo.png,a5a7e343ac1cc3fa30896e27ceb4d04cf5cae3631cf4c467c89a7bc587c78b60,1867221,0,island-unity,asset/metadata,0,0,0,,,,,pending,investigate,
island-unity/Assets/Generated/Textures/RoundedRiverStones/RoundedRiverStones_albedo.png.meta,136899097a0b3899c31d5686fad54c044a84e3476e094a158a9e48b4d0a576a7,2645,117,island-unity,asset/metadata,0,0,0,,,,,pending,investigate,
island-unity/Assets/Generated/Textures/RoundedRiverStones/RoundedRiverStones_height.png,6151c43454c6264ee8a9b25005c857ba9eb97e592703b988f35fd4627ca67237,3734632,0,island-unity,asset/metadata,0,0,0,,,,,pending,investigate,
island-unity/Assets/Generated/Textures/RoundedRiverStones/RoundedRiverStones_height.png.meta,b20e89bbedd97adfb9ff24e8571ed562e624901f09cb22fa45365970363f89a4,2645,117,island-unity,asset/metadata,0,0,0,,,,,pending,investigate,
island-unity/Assets/Generated/Textures/RoundedRiverStones/RoundedRiverStones_mask.png,ff65747100cd47e439c9b557feaa2e7bb24c5b647018f0a57ce6e84c511fb170,4233123,0,island-unity,asset/metadata,0,0,0,,,,,pending,investigate,
island-unity/Assets/Generated/Textures/RoundedRiverStones/RoundedRiverStones_mask.png.meta,d6de8621764c19c8618dfba79446acfd325927b0ebb1e4d567ae358b51b08ccd,2645,117,island-unity,asset/metadata,0,0,0,,,,,pending,investigate,
island-unity/Assets/Generated/Textures/RoundedRiverStones/RoundedRiverStones_normal.png,5e90cb9dc5b65929a381699e83ea6a726ea666ccdb8ddcaccf8995919fc12b1d,3055300,0,island-unity,asset/metadata,0,0,0,,,,,pending,investigate,
island-unity/Assets/Generated/Textures/RoundedRiverStones/RoundedRiverStones_normal.png.meta,d677257a6bc17f63153622943461d1e6078fde2aea29abd95f7ce1077f303c4a,2645,117,island-unity,asset/metadata,0,0,0,,,,,pending,investigate,
island-unity/Assets/Generated/Textures/RoundedRiverStones/RoundedRiverStones_occlusion.png,f99f9df0106c0b11ab654ab85cf3514a4abad39110334e5627298d3f0445ce74,1624158,0,island-unity,asset/metadata,0,0,0,,,,,pending,investigate,
island-unity/Assets/Generated/Textures/RoundedRiverStones/RoundedRiverStones_occlusion.png.meta,37cbf1a4006f6143d6d8fcad6e060d984aad2aa6547916b91c0f9ed612beff45,2645,117,island-unity,asset/metadata,0,0,0,,,,,pending,investigate,
island-unity/Assets/Materials.meta,e0374509d6e026653a30c55914fec85626c2a9b0eec2a07ec16dfa921e70cd72,172,8,island-unity,asset/metadata,0,0,0,,,,,pending,investigate,
island-unity/Assets/Materials/IslandGrass.mat,b8703901aa62b180e5001fc416e27067bf164810c8799851a878e200e12bbcc2,2594,81,island-unity,asset/metadata,0,0,0,,,,,pending,investigate,
island-unity/Assets/Materials/IslandGrass.mat.meta,0c1a5a79cbb08e59719ba7c8433a66dbe461cc920690ed76399da8a961f9df14,188,8,island-unity,asset/metadata,0,0,0,,,,,pending,investigate,
island-unity/Assets/Materials/IslandRiver.mat,a09642a4e2a03e81e8cbef4fef50ae57f03e13dbf030c82fe154c33d804cf25c,1723,59,island-unity,asset/metadata,0,0,0,,,,,pending,investigate,
island-unity/Assets/Materials/IslandRiver.mat.meta,c55cb9a0019d779b292e187e8f909461ccd7c6320485deb32adcecf9ebeb5c4a,188,8,island-unity,asset/metadata,0,0,0,,,,,pending,investigate,
island-unity/Assets/Materials/IslandRock.mat,0a4efd825d1e3e284a328dc4b76e85d08cd974fc4f9314d199d457a3d6a2c1e8,1063,39,island-unity,asset/metadata,0,0,0,,,,,pending,investigate,
island-unity/Assets/Materials/IslandRock.mat.meta,db3c7393eabee8a92ecfe0420ccf4464b83fdd65017ab33114adada66a6c6a3c,188,8,island-unity,asset/metadata,0,0,0,,,,,pending,investigate,
island-unity/Assets/Materials/IslandSea.mat,438827c803bf7cf2395a832f04f7af3482f1a796a3c178e703c3a0db286bfc47,2286,74,island-unity,asset/metadata,0,0,0,,,,,pending,investigate,
island-unity/Assets/Materials/IslandSea.mat.meta,6785e41de785a2d227f3b81d290f6ab328196c67f4c04b4ab2dbdd60e3bb84b0,188,8,island-unity,asset/metadata,0,0,0,,,,,pending,investigate,
island-unity/Assets/Materials/IslandTerrain.mat,3d3d8fee5b7d92fe50d15fc7eac4cdf871f963ce0b57c0fc453a9a9e097f73dd,4091,121,island-unity,asset/metadata,0,0,0,,,,,pending,investigate,
island-unity/Assets/Materials/IslandTerrain.mat.meta,af7e7102fa8d7f054a75d8c1c343bc4173cbe70df43e1af06006bb51dd2ea76b,188,8,island-unity,asset/metadata,0,0,0,,,,,pending,investigate,
island-unity/Assets/Materials/ShipWaterlineSpray.mat,bfdd588288d4aa0c6bf9468ea3750900e1d4a8afb709b5523cb4627a16f54ce7,814,31,island-unity,asset/metadata,0,0,0,,,,,pending,investigate,
island-unity/Assets/Materials/ShipWaterlineSpray.mat.meta,3a6ae25874b98c32ebbca335b1ba7d0bbf6ffddbb1b8ca17bffc4708a0806f5b,185,8,island-unity,asset/metadata,0,0,0,,,,,pending,investigate,
island-unity/Assets/Materials/TreeFoliage.mat,b907a2e17c45f88203688c71e9167b80d111106d97d4d920fe658f73c1056212,1584,55,island-unity,asset/metadata,0,0,0,,,,,pending,investigate,
island-unity/Assets/Materials/TreeFoliage.mat.meta,66307cb770caa5052a6e362ce1d1b86f69f9a0f319680a9bdf7313dade1b99ed,185,8,island-unity,asset/metadata,0,0,0,,,,,pending,investigate,
island-unity/Assets/MeshyImports.meta,fb5fad116fcbb20678475ad9b8fe25830bc32bf630b526fd42b1355f2f626b61,172,8,island-unity,asset/metadata,0,0,0,,,,,pending,investigate,
island-unity/Assets/MeshyImports/Pirate Ship High Poly_20260908_110931.meta,3fc7a1a185c61d0314f16c2670c157a66eca2a8e4901c951a994270dfa0e7313,172,8,island-unity,asset/metadata,0,0,0,,,,,pending,investigate,
island-unity/Assets/MeshyImports/Pirate Ship High Poly_20260908_110931/Material.001.mat,dfe99494ba5fefb20d5c66ae5c497b1a72a9005a240d536084f5837fb203045c,2259,84,island-unity,asset/metadata,0,0,0,,,,,pending,investigate,
island-unity/Assets/MeshyImports/Pirate Ship High Poly_20260908_110931/Material.001.mat.meta,70931f4da422df7020eb7014d69d2e3bcb0a4684f27ab1720e1024759eacc333,188,8,island-unity,asset/metadata,0,0,0,,,,,pending,investigate,
island-unity/Assets/MeshyImports/Pirate Ship High Poly_20260908_110931/Meshy_AI_Pirate_Ship_High_Poly_0907230920_texture.fbx,046bede4833c89c2ced12ab380f335c2899222167af7f7807516b4f29623566b,30827932,0,island-unity,asset/metadata,0,0,0,,,,,pending,investigate,
island-unity/Assets/MeshyImports/Pirate Ship High Poly_20260908_110931/Meshy_AI_Pirate_Ship_High_Poly_0907230920_texture.fbx.meta,d6b009731096b2ec4286312793550b3f6f80c13e60dec3f3de21db5de09e3a55,3177,119,island-unity,asset/metadata,0,0,0,,,,,pending,investigate,
island-unity/Assets/MeshyImports/Pirate Ship High Poly_20260908_110931/meshy_basecolor.png,e0135da6e73ae3cc09fe2b2e60f7c1c4e171f8b03cd482213ab0c5f046fa6968,24257252,0,island-unity,asset/metadata,0,0,0,,,,,pending,investigate,
island-unity/Assets/MeshyImports/Pirate Ship High Poly_20260908_110931/meshy_basecolor.png.meta,4c49f151369fa3404e48b98776b4e22d284b354e1de2426c4cec59de2b0d0086,2652,117,island-unity,asset/metadata,0,0,0,,,,,pending,investigate,
island-unity/Assets/MeshyImports/Pirate Ship High Poly_20260908_110931/meshy_metallic_smoothness.png,dbcbb23d6a450033632d4d3465be6a0c432aab7ab890376a1036cb2e3412d06f,4247474,0,island-unity,asset/metadata,0,0,0,,,,,pending,investigate,
island-unity/Assets/MeshyImports/Pirate Ship High Poly_20260908_110931/meshy_metallic_smoothness.png.meta,390d83fb191b88b780e58c361cf6076c51afbb4bc002f49a61d82a03be2a4bac,2652,117,island-unity,asset/metadata,0,0,0,,,,,pending,investigate,
island-unity/Assets/Samples.meta,2a2e2583edcf510b115071228cd68745444a2eaa02ea44972308653e0e1dc91d,77,3,island-unity,asset/metadata,0,0,0,,,,,pending,investigate,
island-unity/Assets/Samples/Motu.meta,496d5e80454b683d1e1b1ec1e27ce3641e240f392c67917787c8422f5b1f14e1,77,3,island-unity,sample/documentation,0,0,0,,,,,pending,investigate,
island-unity/Assets/Samples/Motu/AssemblyInfo.cs,270ae7d1b40e899eb327d317d3d348e7bd247f39cdf4a2d485fc3894c8fd3448,145,3,island-unity,sample/documentation,0,0,0,,,,,pending,investigate,
island-unity/Assets/Samples/Motu/AssemblyInfo.cs.meta,d3a3a2453f069ad5e3fe993ddb6edb2cff87c87923e8c503ac57538a96aff604,60,2,island-unity,sample/documentation,0,0,0,,,,,pending,investigate,
island-unity/Assets/Samples/Motu/CoherentWeatherDriver.cs,3dc994f4fd1ee0c2a52585c879388b0b8391a6924a5c906d989f8222151ff312,4110,100,island-unity,sample/documentation,0,0,0,,,,,pending,investigate,
island-unity/Assets/Samples/Motu/CoherentWeatherDriver.cs.meta,4c5db8bff5366da39c1b0e5bfa9c45846295df4b997aa3237b92ae91a10d638a,59,2,island-unity,sample/documentation,0,0,0,,,,,pending,investigate,
island-unity/Assets/Samples/Motu/FirstPersonController.cs,f9b2d96288329a02cae03f91c33f9e93967881ec0c3783c30f40706a3192fb36,14565,387,island-unity,sample/documentation,0,0,0,,,,,pending,investigate,
island-unity/Assets/Samples/Motu/FirstPersonController.cs.meta,c732d4db349cbf2737fea8e7538efebefd178afd035612578a0243585fedc3de,60,2,island-unity,sample/documentation,0,0,0,,,,,pending,investigate,
island-unity/Assets/Samples/Motu/IslandDemoController.Cameras.cs,173b5edcf8914aa9c80fd98443c221d03539ca767d65c66841898a9d212d1cf3,6071,136,island-unity,sample/documentation,0,0,0,,,,,pending,investigate,
island-unity/Assets/Samples/Motu/IslandDemoController.Cameras.cs.meta,76c08e9dcb0dfe8b1312938a60e1ea233c74cbe40a0f0379e915b97ba16365b4,60,2,island-unity,sample/documentation,0,0,0,,,,,pending,investigate,
island-unity/Assets/Samples/Motu/IslandDemoController.cs,0117dc1fc3143910cb25fa00324d3cd7f290a04c733de0dd492e61e8b32b881a,23832,564,island-unity,sample/documentation,0,0,0,,,,,pending,investigate,
island-unity/Assets/Samples/Motu/IslandDemoController.cs.meta,54eaff6061f83e613a07fcd6fb9367bb855d66fcb7a92d2ab03ed0a961cecd03,59,2,island-unity,sample/documentation,0,0,0,,,,,pending,investigate,
island-unity/Assets/Samples/Motu/Motu.Samples.asmdef,8a048deeadbe70a03ff68c2c9168019544c16e927939a83c7acc5b927815eb01,71,6,island-unity,sample/documentation,0,0,0,,,,,pending,investigate,
island-unity/Assets/Samples/Motu/Motu.Samples.asmdef.meta,5820948101dd0f70a27e9c5c05d2e16e2457a567b5e8e045de0b61912e9216c4,60,2,island-unity,sample/documentation,0,0,0,,,,,pending,investigate,
island-unity/Assets/Samples/Motu/OceanWaveSandboxController.cs,bee6717ff1458ef84b2111bfde429dc5c4cfb55822eaa53a601081ba55f39ea1,10174,261,island-unity,sample/documentation,0,0,2,,,,,pending,investigate,
island-unity/Assets/Samples/Motu/OceanWaveSandboxController.cs.meta,04fd229ea5b23ac262cb4053c7023651da6ce8983ba0ae02758565f256e2a78b,60,2,island-unity,sample/documentation,0,0,0,,,,,pending,investigate,
island-unity/Assets/Samples/Motu/OrbitCamera.cs,ef8e96393e42b8903537bd31d00c4f1f6176fbae5498d0f313b1cc2c1d2a381c,2643,86,island-unity,sample/documentation,0,0,0,,,,,pending,investigate,
island-unity/Assets/Samples/Motu/OrbitCamera.cs.meta,6544909ccd2922b079bbb917a9913bc8df9139e2e8f52689ad331659843b7cf0,59,2,island-unity,sample/documentation,0,0,0,,,,,pending,investigate,
island-unity/Assets/Samples/Motu/ProceduralTreePreview.cs,3a14a2e8213e078bdca7e2852281e1db8dd1970bcbd983c51c84c51ee0da7dae,21501,559,island-unity,sample/documentation,0,0,0,,,,,pending,investigate,
island-unity/Assets/Samples/Motu/ProceduralTreePreview.cs.meta,583dcb3cb5ad717567391583eaa92639be865fc45b9e83de2320d6749cc05778,60,2,island-unity,sample/documentation,0,0,0,,,,,pending,investigate,
island-unity/Assets/Samples/Motu/ShipBridgeCamera.cs,522a1bc20a9ec5e81fc89f387784761cea7604584e6435c2c6e9bf0417b9d264,2690,69,island-unity,sample/documentation,0,0,0,,,,,pending,investigate,
island-unity/Assets/Samples/Motu/ShipBridgeCamera.cs.meta,252b3038b9736bd860d69eabda888511ac12a0f3ab7e37981cdf8cce45e2a733,60,2,island-unity,sample/documentation,0,0,0,,,,,pending,investigate,
island-unity/Assets/Samples/Motu/ShipController.cs,054ff152333a3b4ea508f93cf9f3564dff82bd345f724c28f8e498404d0f8c5f,6013,137,island-unity,sample/documentation,0,0,0,,,,,pending,investigate,
island-unity/Assets/Samples/Motu/ShipController.cs.meta,2ae7d6432cc734af712e004e8a698f3593ba2d94ee963602b6de2a1208ee172d,60,2,island-unity,sample/documentation,0,0,0,,,,,pending,investigate,
island-unity/Assets/Samples/Motu/TreeMeshView.cs,7be574472c200417d8e5d3c1ffb497c2ab8ae6855e8ab50d7af99c9b36be30c2,891,40,island-unity,sample/documentation,0,0,0,,,,,pending,investigate,
island-unity/Assets/Samples/Motu/TreeMeshView.cs.meta,0a94bdbb1f3f75db43a88249824c91a4b162acc8a95313691dcf5c4d332b68d9,240,11,island-unity,sample/documentation,0,0,0,,,,,pending,investigate,
island-unity/Assets/Scenes.meta,c7b6f890fea257eb4570d459d2e3ff70e597b725909ea2558c8de1ef2533655c,172,8,island-unity,asset/metadata,0,0,0,,,,,pending,investigate,
island-unity/Assets/Scenes/IslandRuntimeSandbox.unity,f4201e4e42f42cf6d0e6bbf564d47685b2df7a445f142f54ce28e6c6acde861b,18642,649,island-unity,asset/metadata,0,0,0,,,,,pending,investigate,
island-unity/Assets/Scenes/IslandRuntimeSandbox.unity.meta,000cda82da5ad3624afd0b595507598f80437b10011f24b12b518e3a6cda03b9,152,7,island-unity,asset/metadata,0,0,0,,,,,pending,investigate,
island-unity/Assets/Scenes/OceanRuntimeSandbox.unity,8daab36875f5e63e78f90ec47013807fce92d7a1a867e7e2bcb7b08c85acbdbd,10963,406,island-unity,asset/metadata,0,0,0,,,,,pending,investigate,
island-unity/Assets/Scenes/OceanRuntimeSandbox.unity.meta,b4b20fc363533d3b4c0325700e107511844d5446567a41412e41eeb4caae80aa,152,7,island-unity,asset/metadata,0,0,0,,,,,pending,investigate,
island-unity/Assets/Scenes/OpenSeaWorld.unity,4fddc4902134c85dd932601de0a267490839c77be1282aa22c6ded4b0a29ab53,35498,1134,island-unity,asset/metadata,0,0,0,,,,,pending,investigate,
island-unity/Assets/Scenes/OpenSeaWorld.unity.meta,4e93b679632abd43f558404e749de0a139fa11f920469c882ba21234f34d6bd0,152,7,island-unity,asset/metadata,0,0,0,,,,,pending,investigate,
island-unity/Assets/Scenes/TreeSandbox.unity,d5524187c7b50ef824cca08343f42e3dfeebd1795132a3fb10f27e20e5fd60cc,12793,478,island-unity,asset/metadata,0,0,0,,,,,pending,investigate,
island-unity/Assets/Scenes/TreeSandbox.unity.meta,104678354a494ee5d8f6d3e6ce8e7d73a4ec9179b5966d3e3898d34266a02443,152,7,island-unity,asset/metadata,0,0,0,,,,,pending,investigate,
island-unity/Assets/Settings.meta,4bd8499ca6a6c9dad71f5587ff2cf4734867460c6b3a12edcf05d72f8e8f4502,169,8,island-unity,asset/metadata,0,0,0,,,,,pending,investigate,
island-unity/Assets/Settings/OceanWaveProfile.asset,8619fb0695b981f7b83919ba934bb6bc75b33ed681850fe727b9d2df55a71d51,1956,69,island-unity,asset/metadata,0,0,0,,,,,pending,investigate,
island-unity/Assets/Settings/OceanWaveProfile.asset.meta,dee57c9bba49bde6019bb08999dfb665268d65b09a677a2b8cc11a6d74177a71,186,8,island-unity,asset/metadata,0,0,0,,,,,pending,investigate,
island-unity/Assets/Tests.meta,72c73332e29f74d6baa0eac12f88c43768443047936abbc0fdd9c2fa37e672e4,169,8,island-unity,asset/metadata,0,0,0,,,,,pending,investigate,
island-unity/Assets/Tests/Editor.meta,88ffbf53f694b23746b0af9ef4139d84af42d1c763cdf24d60f29e94094da0d8,169,8,island-unity,asset/metadata,0,0,0,,,,,pending,investigate,
island-unity/Assets/Tests/Editor/BoulderTests.cs,817770d285c672fae49c9718a38778a90e6e7241ddabe2b22ae5e5d06208d1ba,5875,114,island-unity,test,0,0,0,,,,,pending,investigate,
island-unity/Assets/Tests/Editor/BoulderTests.cs.meta,397088341bda9d516d7d9b329e64df88e46e29dc7edeb6ebc56699b1dfc4afd1,60,2,island-unity,asset/metadata,0,0,0,,,,,pending,investigate,
island-unity/Assets/Tests/Editor/CaveTests.cs,1932554cd378e641b68461c46d7c56cdf8df5da81308f49773cdd0b960326802,47343,791,island-unity,test,0,6,2,,,,,pending,investigate,
island-unity/Assets/Tests/Editor/CaveTests.cs.meta,4de48c63611616363fce53e92711d7e17e043356fb088708f4ba6921e30e4888,60,2,island-unity,asset/metadata,0,0,0,,,,,pending,investigate,
island-unity/Assets/Tests/Editor/EnvironmentRenderingValidation.cs,6bde417161855a0b6f415f30065810c23670edf6a8b8044f86e96e0da7cd15ac,13259,292,island-unity,test,0,1,1,,,,,pending,investigate,
island-unity/Assets/Tests/Editor/EnvironmentRenderingValidation.cs.meta,b814dcf01a4a999cda8be868689f099a415e2db6aba7617e5569ec44ef0b2c46,60,2,island-unity,asset/metadata,0,0,0,,,,,pending,investigate,
island-unity/Assets/Tests/Editor/FallenLogTests.cs,91d35963f121a48dfb997a0467321a23eb44f55bfb0d29dbf7c3801eb9ed5dd4,11514,191,island-unity,test,0,0,4,Preparation -> TerrainTileStreamer -> ForestTileStreamer -> ForestGridWorker; benchmark and test entry points.,LOD0 log collider and end-grain streaming fixture changed to regional export provider; remaining shader tests not fully reviewed.,Whole native forest remains resident; managed detail arrays transfer once; pending and installed Unity details are owned by the streamer.,"FOREST_STREAMING.md records summed whole-island payload and maximum temporary region, with mesh upload and snapshot-load limits.",partial,bounded forest detail residency,FOREST_STREAMING.md; forest-streaming/large-island.json; forest_streaming in validation.json.
island-unity/Assets/Tests/Editor/FallenLogTests.cs.meta,61093f9e04c6032fced5940520910ae358bce23293661ae6449bd4986dae6867,60,2,island-unity,asset/metadata,0,0,0,,,,,pending,investigate,
island-unity/Assets/Tests/Editor/FallenLogWindProbe.shader,2f925586411f9e07e7615ce1f06029d63186094492f24e3460983af9767f32b8,717,23,island-unity,test,0,0,0,,,,,pending,investigate,
island-unity/Assets/Tests/Editor/FallenLogWindProbe.shader.meta,e563fad6a325a46c303d529da642ae97f1683c8c00d8ab32936fbf0f91a23a58,148,6,island-unity,asset/metadata,0,0,0,,,,,pending,investigate,
island-unity/Assets/Tests/Editor/ForestRenderingValidation.cs,c89fa94ac4d9cdba757a5266c1be110a616e7364475d1c9ac22ba1083c405403,7315,163,island-unity,test,0,0,0,Preparation -> TerrainTileStreamer -> ForestTileStreamer -> ForestGridWorker; benchmark and test entry points.,Canopy shadow/material and LOD0 capsule fixture adapted to completed regional exports; synchronous draining is test-only.,Whole native forest remains resident; managed detail arrays transfer once; pending and installed Unity details are owned by the streamer.,"FOREST_STREAMING.md records summed whole-island payload and maximum temporary region, with mesh upload and snapshot-load limits.",reviewed,bounded forest detail residency,FOREST_STREAMING.md; forest-streaming/large-island.json; forest_streaming in validation.json.
island-unity/Assets/Tests/Editor/ForestRenderingValidation.cs.meta,48f592fdded9d7bfd195c12125aceff35c3e7a361d247dbce97b7ebe4d2f5b28,60,2,island-unity,asset/metadata,0,0,0,,,,,pending,investigate,
island-unity/Assets/Tests/Editor/IslandGeneratorValidation.cs,7952f015366f9c7836c58e8eba34407d5eb8d5aa5b02aa32e6ad5b68c8ea9e48,7559,179,island-unity,test,0,0,0,,,,,pending,investigate,
island-unity/Assets/Tests/Editor/IslandGeneratorValidation.cs.meta,9ea4d9ce5976ae2ae6b122237f6e0618564b262016f7164dd4709b5eb130dedb,59,2,island-unity,asset/metadata,0,0,0,,,,,pending,investigate,
island-unity/Assets/Tests/Editor/IslandLod3Tests.cs,19cdde83726bf754de6ba91db462319c0c3a6723a885a4bafd8996c7a8601b0c,10771,194,island-unity,test,0,0,9,,,,,pending,investigate,
island-unity/Assets/Tests/Editor/IslandLod3Tests.cs.meta,bebfc6700b70b9c4592eb3cc06d8c62d36da67657eae962ad1118540fb9b4ded,60,2,island-unity,asset/metadata,0,0,0,,,,,pending,investigate,
island-unity/Assets/Tests/Editor/IslandNativeValidation.cs,e2931122a0563572d2ec64b24517b73370c1800c8209cd794422268a873a58a5,60133,1163,island-unity,test,0,0,0,,,,,pending,investigate,
island-unity/Assets/Tests/Editor/IslandNativeValidation.cs.meta,f4be6b8daa836d69c6e033325c4530a5f9053580a22e9a51fa99a86874fc2707,60,2,island-unity,asset/metadata,0,0,0,,,,,pending,investigate,
island-unity/Assets/Tests/Editor/IslandNavigationTests.cs,0a86a04be6fd0280d439f794c28e32e09216da2df5eaf06afaf6b954d5285667,21005,389,island-unity,test,0,0,0,,,,,pending,investigate,
island-unity/Assets/Tests/Editor/IslandNavigationTests.cs.meta,a705023227098ec0846b14a36e8ac2bc7259c823636615ea7ea160a0281b67f0,60,2,island-unity,asset/metadata,0,0,0,,,,,pending,investigate,
island-unity/Assets/Tests/Editor/IslandOwnershipValidation.cs,6e7e8b491776ea13d0ad06c1b2087b2415568cd7e938ab3806b1191930554f96,3556,84,island-unity,test,0,0,0,,,,,pending,investigate,
island-unity/Assets/Tests/Editor/IslandOwnershipValidation.cs.meta,c5988b186bde4972a1be63889b5e90120396a46a11fe463680269926afd84452,60,2,island-unity,asset/metadata,0,0,0,,,,,pending,investigate,
island-unity/Assets/Tests/Editor/IslandRenderingValidation.cs,ed37d6c1c2c7325bcd4caa46ec955038dfd003e5ef6aaadd34aedad45d5f8d8d,9423,207,island-unity,test,0,0,0,,,,,pending,investigate,
island-unity/Assets/Tests/Editor/IslandRenderingValidation.cs.meta,ab6bb8346ffe56f8dd9c56892ecf44d81cebb3a3f28bccb1da41dc77f53e97a5,60,2,island-unity,asset/metadata,0,0,0,,,,,pending,investigate,
island-unity/Assets/Tests/Editor/IslandRequestValidation.cs,6605bc6a433579f4718a4a701d945a4f4f299a6ae4ac8ecc34f6147ecf6edddf,4275,77,island-unity,test,0,0,1,,,,,pending,investigate,
island-unity/Assets/Tests/Editor/IslandRequestValidation.cs.meta,1601b522a90f471e49121c46a1661be24df11e914cf12fbb36b62b7477ad6baa,60,2,island-unity,asset/metadata,0,0,0,,,,,pending,investigate,
island-unity/Assets/Tests/Editor/IslandSceneValidation.cs,908c1033e3a1d7c5085d05953fadf9c5794f36b15ab42129beb36babd6ef5540,10572,218,island-unity,test,0,0,0,,,,,pending,investigate,
island-unity/Assets/Tests/Editor/IslandSceneValidation.cs.meta,405b042d5810285b692191fb2314b08cde1ed042f6357007b9a22054b1703d6c,60,2,island-unity,asset/metadata,0,0,0,,,,,pending,investigate,
island-unity/Assets/Tests/Editor/MaterialCacheValidation.cs,33d8f13844ede954af8ad908f00964d9c3fb651787feb6572b2c80dd5854286f,4020,101,island-unity,test,0,0,0,,,,,pending,investigate,
island-unity/Assets/Tests/Editor/MaterialCacheValidation.cs.meta,9fbcdc244198cadbd07398bdcae63c86f1998a22e6af8efe1c3a798f39d8a04f,60,2,island-unity,asset/metadata,0,0,0,,,,,pending,investigate,
island-unity/Assets/Tests/Editor/MinimapTeleportValidation.cs,65534aaac8838c49926d35ff28a664688c20a3658705d77e53ef31ad2374d0d0,6939,123,island-unity,test,0,0,0,,,,,pending,investigate,
island-unity/Assets/Tests/Editor/MinimapTeleportValidation.cs.meta,00778c00e80ba6070a169bd5b44cd92f84b01881c5e44ec72d70b65292b91d89,60,2,island-unity,asset/metadata,0,0,0,,,,,pending,investigate,
island-unity/Assets/Tests/Editor/Motu.Tests.Editor.asmdef,175b902b84791a888ebc2a2ac33a113ee78c5b29665c2d1fd0c8225cd00516b4,440,23,island-unity,build/config,0,0,0,,,,,pending,investigate,
island-unity/Assets/Tests/Editor/Motu.Tests.Editor.asmdef.meta,bc1d6919fcfc1de035a4a6a4919f1401d91b44431a78702c8cc23510e9239930,60,2,island-unity,asset/metadata,0,0,0,,,,,pending,investigate,
island-unity/Assets/Tests/Editor/OceanAntialiasingTests.cs,753b367eab03b0de715e5776e521414691f1e25f7f0ab30c6b3694e0811a6d3e,5845,123,island-unity,test,0,0,0,,,,,pending,investigate,
island-unity/Assets/Tests/Editor/OceanAntialiasingTests.cs.meta,24b1e2cf2a8df367a59afe93bfe154a68ff2591852659c967abf3e8d71947801,60,2,island-unity,asset/metadata,0,0,0,,,,,pending,investigate,
island-unity/Assets/Tests/Editor/OceanBuoyancyTests.cs,90aaefe4eeed8fa2d82f21e5f84880032a19d6741b7193b6d914266555f9ff91,17244,310,island-unity,test,0,0,12,,,,,pending,investigate,
island-unity/Assets/Tests/Editor/OceanBuoyancyTests.cs.meta,1a8d11f38ef73006d33b38d90a168a41d8791263762daf6c9197bc0f70759fc8,60,2,island-unity,asset/metadata,0,0,0,,,,,pending,investigate,
island-unity/Assets/Tests/Editor/OceanDeckWaveClampProbe.shader,2fb8c16df4df6853e9f778739488778f90226e551251fe99575530f8b950a93a,840,25,island-unity,test,0,0,0,,,,,pending,investigate,
island-unity/Assets/Tests/Editor/OceanDeckWaveClampProbe.shader.meta,1faec79a358e2090d771f36baf150a4483fb2d5a87409e51b108848a2e25e924,60,2,island-unity,asset/metadata,0,0,0,,,,,pending,investigate,
island-unity/Assets/Tests/Editor/OceanDeckWaveClampTests.cs,3267c358881b054198931301225139a1c184a1fbf8ef2507a57bff99b4d32010,4816,93,island-unity,test,0,0,1,,,,,pending,investigate,
island-unity/Assets/Tests/Editor/OceanDeckWaveClampTests.cs.meta,21e636d6da326ff72c29a046f195c116a10a53ad57e4d014b33a47ecb34672ff,60,2,island-unity,asset/metadata,0,0,0,,,,,pending,investigate,
island-unity/Assets/Tests/Editor/OceanDomainWarpTests.cs,605171594c691062367283262157a51ce7794e24dd250c2dae7062dd2d94538b,4777,96,island-unity,test,0,0,0,,,,,pending,investigate,
island-unity/Assets/Tests/Editor/OceanDomainWarpTests.cs.meta,b2f87672767bbd5102930865353949299229833f519de20f2e3e45bbf5649d9f,60,2,island-unity,asset/metadata,0,0,0,,,,,pending,investigate,
island-unity/Assets/Tests/Editor/OceanFoamTests.cs,3850960dea99992e7c5a5f752e542056b0cc16d5616be97d461501dc342de42d,11052,196,island-unity,test,0,0,3,,,,,pending,investigate,
island-unity/Assets/Tests/Editor/OceanFoamTests.cs.meta,7638f2a32813f574a349744558155e5890575382da3eb2ee216a93d20d15b59a,60,2,island-unity,asset/metadata,0,0,0,,,,,pending,investigate,
island-unity/Assets/Tests/Editor/OceanHullSprayTests.cs,b82c03a38abe098dc1f8c30b89e56d2406da1378dbcf9a4db93aa227b41bb889,19567,337,island-unity,test,0,1,15,,,,,pending,investigate,
island-unity/Assets/Tests/Editor/OceanHullSprayTests.cs.meta,32ebadb8effe5f63be5024ecd5e797707b469f65f1e004bd01287a70d97b2b49,60,2,island-unity,asset/metadata,0,0,0,,,,,pending,investigate,
island-unity/Assets/Tests/Editor/OceanOpticsProbe.shader,a9253ab9475bfcc50db19457ea8c48eb5df01992bcda549731a57fedca3ccee3,2319,47,island-unity,test,0,0,0,,,,,pending,investigate,
island-unity/Assets/Tests/Editor/OceanOpticsProbe.shader.meta,daf5d7c635de23201b0fbcfc4be31f00ba9226bf261b59dd60c028bfa715170e,60,2,island-unity,asset/metadata,0,0,0,,,,,pending,investigate,
island-unity/Assets/Tests/Editor/OceanOpticsTests.cs,68eb0892b53871360799ac1a543767815b4be374250ac5839b60e748977b6100,40952,720,island-unity,test,1,0,22,,,,,pending,investigate,
island-unity/Assets/Tests/Editor/OceanOpticsTests.cs.meta,36a7a949002380a0961ac571cd2c097ba81e78fe76ccb1d1f444452017daa239,60,2,island-unity,asset/metadata,0,0,0,,,,,pending,investigate,
island-unity/Assets/Tests/Editor/OceanRefractionProbe.shader,7afeef8f042ac3d46a853181bb91461ee5a1d1f7dd3d557b1851570194ca7f32,2356,57,island-unity,test,0,0,0,,,,,pending,investigate,
island-unity/Assets/Tests/Editor/OceanRefractionProbe.shader.meta,14054f92802b72917ae9254a5f9e17bd014ec3512d86abbcf59393397c64c891,201,9,island-unity,asset/metadata,0,0,0,,,,,pending,investigate,
island-unity/Assets/Tests/Editor/OceanRenderingValidation.cs,d163930d608299330bf93aaa1e9f0dc06da9fbe895dfadcd7ede4b10e712fb41,15854,322,island-unity,test,0,0,0,,,,,pending,investigate,
island-unity/Assets/Tests/Editor/OceanRenderingValidation.cs.meta,3d2ce92339010f28f71d0a95ea3183d2926ea5f7d40eef376229ab106fa12f9f,60,2,island-unity,asset/metadata,0,0,0,,,,,pending,investigate,
island-unity/Assets/Tests/Editor/OceanShipWaveProbe.shader,c6a72016c670d792212c8976bc7741f57182e72339ecd4d1c8244b8a59df8143,1556,37,island-unity,test,0,0,0,,,,,pending,investigate,
island-unity/Assets/Tests/Editor/OceanShipWaveProbe.shader.meta,533b4d75618ad70c3542a71f2a98060fc47c772f734d8f6b602299c41c4a554a,60,2,island-unity,asset/metadata,0,0,0,,,,,pending,investigate,
island-unity/Assets/Tests/Editor/OceanShipWaveTests.cs,ad896ccaf435f72c6a53e8472d594b9f95205feac04eb44e7f57be3d8d4a5dee,23548,405,island-unity,test,0,0,10,,,,,pending,investigate,
island-unity/Assets/Tests/Editor/OceanShipWaveTests.cs.meta,c2b671ffa7ec90c5b8fcb6759f37942af16c861fd8b724ba7a0d14cf40d143dd,60,2,island-unity,asset/metadata,0,0,0,,,,,pending,investigate,
island-unity/Assets/Tests/Editor/OceanShoreDistanceProbe.shader,9c5e857fba129db6dff37e7cbef93c0a7c579ffe1b0bcf7f06efa73d28d0f01f,2119,54,island-unity,test,0,0,0,,,,,pending,investigate,
island-unity/Assets/Tests/Editor/OceanShoreDistanceProbe.shader.meta,ab25239354e39439596ae9aaa68428c4c5f1363f5edaac54a4570c9ebcbb427d,60,2,island-unity,asset/metadata,0,0,0,,,,,pending,investigate,
island-unity/Assets/Tests/Editor/OceanShoreDistanceValidation.cs,122355a0e8c58a9008e383d38256fac0f11b80e0c6ebfb085dc0c96b6ad80b4a,27434,447,island-unity,test,0,0,16,,,,,pending,investigate,
island-unity/Assets/Tests/Editor/OceanShoreDistanceValidation.cs.meta,ec83d546e778dfd007892f14b70dfb57d079e9218ebfeafa440ed678f1fb319c,60,2,island-unity,asset/metadata,0,0,0,,,,,pending,investigate,
island-unity/Assets/Tests/Editor/OceanTranslucencyTests.cs,24d5d726d5b1636854a4b61cb29c4899ec0ab61c4962abce97cb7922d41565c9,24539,414,island-unity,test,0,0,28,,,,,pending,investigate,
island-unity/Assets/Tests/Editor/OceanTranslucencyTests.cs.meta,28905cb116d8d4ede3f9e3b22042c0444bd376a48bdea0f7bbb9eca3d295de63,60,2,island-unity,asset/metadata,0,0,0,,,,,pending,investigate,
island-unity/Assets/Tests/Editor/OceanUnderwaterTests.cs,8075577648c463d7127e068efe9392f2bccfd1f02defca7e3d4559612e4aff47,11913,239,island-unity,test,0,0,14,,,,,pending,investigate,
island-unity/Assets/Tests/Editor/OceanUnderwaterTests.cs.meta,613b684b491b2adfafebb716190c5255f49bbd8e06f3feade200c67e4e83020a,60,2,island-unity,asset/metadata,0,0,0,,,,,pending,investigate,
island-unity/Assets/Tests/Editor/OceanWaveTransitionProbe.shader,ebdfba435ac0a5d5e18c6daa5e910832795d5abc54ea3116f09fe5af069d7390,3385,76,island-unity,test,0,0,0,,,,,pending,investigate,
island-unity/Assets/Tests/Editor/OceanWaveTransitionProbe.shader.meta,7c90d970f2dacb8eec96de916a739772447f32e7f74cb14d117fc37789389e70,60,2,island-unity,asset/metadata,0,0,0,,,,,pending,investigate,
island-unity/Assets/Tests/Editor/OceanWaveTransitionValidation.cs,857e2640d11c4ee13cd26d4f7e66aa0c9d2418feca65a93d7b2d6e450497be48,12390,214,island-unity,test,0,0,7,,,,,pending,investigate,
island-unity/Assets/Tests/Editor/OceanWaveTransitionValidation.cs.meta,d4082043a565430f994cc4a9308172c9700859709832e0cb4ea43608409f1dc4,60,2,island-unity,asset/metadata,0,0,0,,,,,pending,investigate,
island-unity/Assets/Tests/Editor/PlayerTorchTests.cs,0dfdfb0e777b58bf4dd19bdd6aa60a331e99dd8e37d0c5c2c8319da219acf31a,6892,150,island-unity,test,0,0,8,,,,,pending,investigate,
island-unity/Assets/Tests/Editor/PlayerTorchTests.cs.meta,76d8745b27180998f9c5b6fbffae88c8d5226058a87d7a7bc9b9ee62880d836b,60,2,island-unity,asset/metadata,0,0,0,,,,,pending,investigate,
island-unity/Assets/Tests/Editor/RiverGeometryValidation.cs,617b230543db3529361238b79be8f900b90a574ec05ff207e82d0c3b3d1b015d,3894,85,island-unity,test,0,0,0,,,,,pending,investigate,
island-unity/Assets/Tests/Editor/RiverGeometryValidation.cs.meta,d7425bb888bfe124a864bb0feb8c00824fff1f5838e6632f2f98454c3e4b18c8,60,2,island-unity,asset/metadata,0,0,0,,,,,pending,investigate,
island-unity/Assets/Tests/Editor/RiverSurfaceProbe.shader,cfc2cc280c9f1430e7e4ace625fcde10f46f356f8b03ad191d28748e04b8bf2d,1571,34,island-unity,test,0,0,0,,,,,pending,investigate,
island-unity/Assets/Tests/Editor/RiverSurfaceProbe.shader.meta,590f54548dee118ab839fbb20d4378be52c2255a962c35e8cbb12bda60d70492,60,2,island-unity,asset/metadata,0,0,0,,,,,pending,investigate,
island-unity/Assets/Tests/Editor/RiverSurfaceTests.cs,5996b787c476bade962fc55a903e91a997fca3ff075e730550d27ae26f831a62,19548,346,island-unity,test,0,0,14,,,,,pending,investigate,
island-unity/Assets/Tests/Editor/RiverSurfaceTests.cs.meta,b933c8096ef974ed190d9be91210b792706d5aebf120a26268dd426301b8d49c,60,2,island-unity,asset/metadata,0,0,0,,,,,pending,investigate,
island-unity/Assets/Tests/Editor/RuntimeContractsTests.cs,ba952f7a0e8ad9c66fb314b016c120270f18adc61e73bd33fc5033767f70c72b,10405,177,island-unity,test,0,4,0,,,,,pending,investigate,
island-unity/Assets/Tests/Editor/RuntimeContractsTests.cs.meta,98dc4523bdeb05e46e94f18825ac2b8997d87868514d9f5671f38e3190505929,60,2,island-unity,asset/metadata,0,0,0,,,,,pending,investigate,
island-unity/Assets/Tests/Editor/SceneMigrationValidation.cs,72974a49df4fc59f3158fced94533d6fe245fa3ff78e464463d86b1cb7d79ab9,2594,54,island-unity,test,0,0,0,,,,,pending,investigate,
island-unity/Assets/Tests/Editor/SceneMigrationValidation.cs.meta,648cd5aa927db0c634121e208bf51570005f9497153c0f80c7b01e988550abb2,60,2,island-unity,asset/metadata,0,0,0,,,,,pending,investigate,
island-unity/Assets/Tests/Editor/ShipControllerTests.cs,6dafd6a05652f46566701669562f8638634c00cd894d36a52d851d8819ec774f,6372,114,island-unity,test,0,0,5,,,,,pending,investigate,
island-unity/Assets/Tests/Editor/ShipControllerTests.cs.meta,b02df4e400850d3811766afae9311002df03676536f7d209964b3bf684ddb39b,60,2,island-unity,asset/metadata,0,0,0,,,,,pending,investigate,
island-unity/Assets/Tests/Editor/ShipViewTests.cs,68f3c7f156069d79c8426345eb98e80701dabbd50de9d2c16354c7b78bd6bab5,8448,145,island-unity,test,0,0,0,,,,,pending,investigate,
island-unity/Assets/Tests/Editor/ShipViewTests.cs.meta,db256ddf79302f57efff6dc33280ab33dadeedd14bb57f8a72487fad545ae01c,60,2,island-unity,asset/metadata,0,0,0,,,,,pending,investigate,
island-unity/Assets/Tests/Editor/ShipWaterlineTextureTests.cs,195090528510a2b7187f33b49080a8cfc109dc32c036ba32028e65ff44725f1e,14493,240,island-unity,test,0,6,1,,,,,pending,investigate,
island-unity/Assets/Tests/Editor/ShipWaterlineTextureTests.cs.meta,d1b231d56f24f89d9a4a9b6cd71cedb9e4e21203c12538385df8071c58fe93c8,60,2,island-unity,asset/metadata,0,0,0,,,,,pending,investigate,
island-unity/Assets/Tests/Editor/ShipWaveTextureSetupTests.cs,2fc22e86667c0abab7b90db07a68e9c7afdb3cdbb9cc9cdea53ebb329f8fa494,7451,131,island-unity,test,0,0,0,,,,,pending,investigate,
island-unity/Assets/Tests/Editor/ShipWaveTextureSetupTests.cs.meta,093c2f9dbc6d7059e2458de1d5daf79a220b7deaa0348298179663347cb26ab2,60,2,island-unity,asset/metadata,0,0,0,,,,,pending,investigate,
island-unity/Assets/Tests/Editor/TerrainStreamingValidation.cs,b1d4f6d0ccc6633bdf469fb5ba333999ce421ad91ca58f4b9e0f5533b585029c,11068,235,island-unity,test,0,0,0,,,,,pending,investigate,
island-unity/Assets/Tests/Editor/TerrainStreamingValidation.cs.meta,a17876b50b9586871f5f48b2c23e927c362d11bc7ea30f3406d0112cfc7ea01a,60,2,island-unity,asset/metadata,0,0,0,,,,,pending,investigate,
island-unity/Assets/Tests/Editor/UnityValidation.cs,625935ad5bbbbd464427098851c2ca102435b52d9e8e92f03be1b24b60eff211,1151,26,island-unity,test,0,0,0,,,,,pending,investigate,
island-unity/Assets/Tests/Editor/UnityValidation.cs.meta,80b1d5dd9fbd22dbb769f6aa3dbc5a8f33a13e5fb2e9a52477e5041c589c24a8,60,2,island-unity,asset/metadata,0,0,0,,,,,pending,investigate,
island-unity/Assets/Tests/Editor/VegetationWindProbe.shader,8faaa30dc7c44046500bc7ed45760ff23ea7fa70429f681ab005d3bda7d3061e,1599,42,island-unity,test,0,0,0,,,,,pending,investigate,
island-unity/Assets/Tests/Editor/VegetationWindProbe.shader.meta,06fdda05b471b5edd05258e817172866489d8a7342957ad55a02cce7deef5286,60,2,island-unity,asset/metadata,0,0,0,,,,,pending,investigate,
island-unity/Assets/Tests/Editor/VegetationWindValidation.cs,a37333c6cb5d98b1746f942ffe63689b5800cd1fca897a6587bda045ae8da382,6274,113,island-unity,test,0,0,3,,,,,pending,investigate,
island-unity/Assets/Tests/Editor/VegetationWindValidation.cs.meta,0aa0fc294af6803625fb3342eaf23382f363ed46a810cad1d66d5b0fd8b33f0b,60,2,island-unity,asset/metadata,0,0,0,,,,,pending,investigate,
island-unity/Assets/Tests/Editor/ViewRenderingValidation.cs,ad4226656d45769441ce4d25c691f620a91772a6954b99c1e49b3efd96add014,16125,351,island-unity,test,0,0,1,,,,,pending,investigate,
island-unity/Assets/Tests/Editor/ViewRenderingValidation.cs.meta,8a78e955947e1d9af1de1f2188dfcd629657617399d1553af2bd783bf8053783,60,2,island-unity,asset/metadata,0,0,0,,,,,pending,investigate,
island-unity/Assets/Tests/Editor/WorldRoutingValidation.cs,e183c2b6b023a2e77a215b19dc649c0daddbf9e32f4107e90aeec8a480c0c32b,6828,145,island-unity,test,0,0,0,,,,,pending,investigate,
island-unity/Assets/Tests/Editor/WorldRoutingValidation.cs.meta,416bd28a3809c7cd4c2357616948851049651ca86b18310c08d0c1395b7d3d17,60,2,island-unity,asset/metadata,0,0,0,,,,,pending,investigate,
island-unity/Assets/Tests/Editor/WorldWeatherValidation.cs,b78da0b0df52c7d3accb513b9c35754116e22a66a51a0fbf38876d2908f13206,22268,388,island-unity,test,0,0,0,,,,,pending,investigate,
island-unity/Assets/Tests/Editor/WorldWeatherValidation.cs.meta,58afa11f7d0506a27375860e1a7750fe757f2b433093cf5430aec8a75f8e10e7,60,2,island-unity,asset/metadata,0,0,0,,,,,pending,investigate,
island-unity/Assets/Textures.meta,d5fb4ab9d9feca4b4854c1f20c62ace55cbad4459d91bab58a4acbfe2574fbbc,77,3,island-unity,asset/metadata,0,0,0,,,,,pending,investigate,
island-unity/Assets/Textures/Pirate Ship High Poly Waterline 3.png,505b2e8121bd637cef1acf53d2e0dd1625bf1ef7faf6fa956da6acadb28fbc71,36791,0,island-unity,asset/metadata,0,0,0,,,,,pending,investigate,
island-unity/Assets/Textures/Pirate Ship High Poly Waterline 3.png.meta,7687f4e20dddfd87aebdd045cdd5087d852fb9ef2d6bfb2a4e0bbcdf06f8a14f,2652,117,island-unity,asset/metadata,0,0,0,,,,,pending,investigate,
island-unity/Assets/Textures/Pirate Ship High Poly Waterline.png,c4340b9206d6253a1070beb780b80066bcd4646fe4391920c6fa209ae0b07f0b,26732,0,island-unity,asset/metadata,0,0,0,,,,,pending,investigate,
island-unity/Assets/Textures/Pirate Ship High Poly Waterline.png.meta,eec8aeb0b45de9fa2207bf3d98716642cfa0f8535ed0a65ef5ebd146fdcb9709,2652,117,island-unity,asset/metadata,0,0,0,,,,,pending,investigate,
island-unity/Assets/Textures/ShipHullWaves.png,106c67483220f1955ff61371a7c83c63ecbff1f66bd6879da092a54e3d8360f4,20009,0,island-unity,asset/metadata,0,0,0,,,,,pending,investigate,
island-unity/Assets/Textures/ShipHullWaves.png.meta,0561e0e890202b4397b661aeb9ef1743e3802a9dd8603d8028784326149eb68d,2652,117,island-unity,asset/metadata,0,0,0,,,,,pending,investigate,
island-unity/Assets/Textures/ShipWake.png,a9979ad5ce6652cae83929a034962bc32781f70a5ec4ac977585d57aba72e488,12842,0,island-unity,asset/metadata,0,0,0,,,,,pending,investigate,
island-unity/Assets/Textures/ShipWake.png.meta,01768004378f7c45bab9a61d74ad3777f568913136bf64c9a67d9db36ea39f0e,2652,117,island-unity,asset/metadata,0,0,0,,,,,pending,investigate,
island-unity/CLOUDS_IMPLEMENTATION_PLAN.md,127f528a6cee45797a27458630db8100ee6632d396552741cf7fd2ac37c531ad,9023,193,island-unity,documentation,0,0,0,,,,,pending,investigate,
island-unity/OCEAN_WAVE_SYSTEM_PLAN.md,20f5e263fb81e1f1c5c3b61918c745ac7ac6b6e23f80535209a2b12570e3bf75,39663,798,island-unity,documentation,0,0,0,,,,,pending,investigate,
island-unity/OPEN_SEA_WORLD_ARCHITECTURE_PLAN.md,525316651e0464b411a296f99bf77dde20419ad895450ac02cd7e964c9eafb70,43643,921,island-unity,documentation,0,0,2,,,,,pending,investigate,
island-unity/Packages/manifest.json,b39706987ab2ade16a291dac751192e81467215644e199e6dc94d6a96bd28483,646,19,island-unity,build/config,0,0,0,,,,,pending,investigate,
island-unity/Packages/packages-lock.json,5a6aa6489fcfb372805cd0a50817fa02f0d2264b95f45755a2e1dd1a9e83fccd,2845,110,island-unity,build/config,0,0,0,,,,,pending,investigate,
island-unity/ProjectSettings/AudioManager.asset,18f06b605aa312b62ee54ba915c716831a7b05b155312013b43729540078f7db,521,23,island-unity,asset/metadata,0,0,0,,,,,pending,investigate,
island-unity/ProjectSettings/ClusterInputManager.asset,40e65dd214bf254955d2c8829ca8ce2130fd3510485560ce012e9a1ddd93e623,114,6,island-unity,asset/metadata,0,0,0,,,,,pending,investigate,
island-unity/ProjectSettings/DynamicsManager.asset,d102dd312ef330f5e5ca255c070fb34f68f59ec633d1e9fd67e2f2f6f88f66c8,1574,46,island-unity,asset/metadata,0,0,0,,,,,pending,investigate,
island-unity/ProjectSettings/EditorBuildSettings.asset,6626331490f549ed300ba3a7a482858aff582a2c5fc514ecc9c8b40112691276,575,20,island-unity,asset/metadata,0,0,0,,,,,pending,investigate,
island-unity/ProjectSettings/EditorSettings.asset,bb045c2b1a7d76b0927f7fe31bd3899f9c706fff18674a9c3225cfc1af76749f,1703,53,island-unity,asset/metadata,0,0,0,,,,,pending,investigate,
island-unity/ProjectSettings/GraphicsSettings.asset,aa1b8ec299c7ba9d8bb85a87e4654c1b9fe26b9a680963097691aa2155b1d2b0,2104,75,island-unity,asset/metadata,0,0,0,,,,,pending,investigate,
island-unity/ProjectSettings/InputManager.asset,94b92bd15daf7453e4692ecd69bc2c6cefb7545822eb6466af78f4ab3fb34faa,5733,296,island-unity,asset/metadata,0,0,0,,,,,pending,investigate,
island-unity/ProjectSettings/MemorySettings.asset,614ea14e97e08ea3bc2e3849a35414ff708b255075f475fc8a03991c5c9b4d57,1231,36,island-unity,asset/metadata,0,0,0,,,,,pending,investigate,
island-unity/ProjectSettings/MultiplayerManager.asset,aba89fd1a1ddad182727ad82727e536d27372e90328a8196da2a4560398983dd,157,7,island-unity,asset/metadata,0,0,0,,,,,pending,investigate,
island-unity/ProjectSettings/NavMeshAreas.asset,d3eb7e72cf17be039780311b8a361cd5ee8408da828ece4551f8a0de446985da,1332,93,island-unity,asset/metadata,0,0,0,,,,,pending,investigate,
island-unity/ProjectSettings/PackageManagerSettings.asset,e020fa8f39bfbf8519f8250b78416a21fa9f7f9a03acd1b96478da4b8475a286,1243,44,island-unity,asset/metadata,0,0,0,,,,,pending,investigate,
island-unity/ProjectSettings/Physics2DSettings.asset,1cfc0c8fbceec604fd7cd2a06c04ff05dddee6335b75c92b0f5715ad80ba9490,1862,57,island-unity,asset/metadata,0,0,0,,,,,pending,investigate,
island-unity/ProjectSettings/PhysicsCoreProjectSettings2D.asset,bedc5339a832c60dc3f11b84abc4f4384dbfa20b0cd9ad6c444b907e751fc35e,151,6,island-unity,asset/metadata,0,0,0,,,,,pending,investigate,
island-unity/ProjectSettings/PresetManager.asset,29c125923fe6e29f90190d4fce1c82d660e7051546e2c9d02908d18c9cf2436c,146,7,island-unity,asset/metadata,0,0,0,,,,,pending,investigate,
island-unity/ProjectSettings/ProjectAuditorSettings.asset,5e40807b54a51f2fafb156c8deeba785328010ec5d296c089cfa74f146b751f4,1036,36,island-unity,asset/metadata,0,0,0,,,,,pending,investigate,
island-unity/ProjectSettings/ProjectSettings.asset,d1f5142db0ac75d510a1c8bd7b6d42ec6d855f9607fbeb12feda4cadcad8c6e8,20333,700,island-unity,asset/metadata,0,0,0,,,,,pending,investigate,
island-unity/ProjectSettings/ProjectVersion.txt,8284f48272e6fe38bcd0d71625afccdd9e4b52753441bcbe25056219e4167d63,83,2,island-unity,documentation,0,0,0,,,,,pending,investigate,
island-unity/ProjectSettings/QualitySettings.asset,f1f893b1be47ad2442f58338dd7c860dc1986bb317e2f5bb31084454ffabbf4c,9802,347,island-unity,asset/metadata,0,0,0,,,,,pending,investigate,
island-unity/ProjectSettings/SceneTemplateSettings.json,bb9098b3bfcde78d93e264b96f7b77b5430e64e8c57a7aad7f5a5d9c3945e16a,3535,121,island-unity,build/config,0,0,0,,,,,pending,investigate,
island-unity/ProjectSettings/TagManager.asset,917a02bf41d75f3d50bfd64be4ea9b6646df227026a1b29b64664f36122aa133,416,46,island-unity,asset/metadata,0,0,0,,,,,pending,investigate,
island-unity/ProjectSettings/TimeManager.asset,3396f52fdc16d445024e01d7a2d99db6f0a37569d1d73c0302e9ffb857d90287,305,14,island-unity,asset/metadata,0,0,0,,,,,pending,investigate,
island-unity/ProjectSettings/UnityConnectSettings.asset,190c680da9dc83806ec3b11332f980515bf9746b977cd928c1f8ea115c332e76,1060,40,island-unity,asset/metadata,0,0,0,,,,,pending,investigate,
island-unity/ProjectSettings/VFXManager.asset,93d301bf8a59b5e07eff03c1c110e8c7ec278891ee9c879765fd010fc425e694,524,20,island-unity,asset/metadata,0,0,0,,,,,pending,investigate,
island-unity/ProjectSettings/VersionControlSettings.asset,e199cdfa6a8f2bf33cfd47e549198f13e3eb2a5099e908fdb4e0f14d939ccc6b,172,7,island-unity,asset/metadata,0,0,0,,,,,pending,investigate,
island-unity/README.md,47f8af0623d3854a2dc703416d1bfe5696ec719f1ece310526aa4727f478154e,60466,834,island-unity,documentation,0,0,0,,,,,pending,investigate,
island-unity/UNITY_CODE_CLEANUP_PLAN.md,1feafe93402974a09d15b5086598ed92772a265b60714e7bda6a5d54b2ed9f5c,16569,256,island-unity,documentation,0,0,0,,,,,pending,investigate,
island-unity/UNITY_CODE_CLEANUP_RESULTS.md,bd60ece1c422075a3916b3a1abcbf7c8fe15dbc445273b6730c441bb51a538b4,6176,103,island-unity,documentation,0,0,0,,,,,pending,investigate,
island-unity/validate.sh,5b87a6c668ea3c05d469f728f8e8073986635091f54f0e4b8a98c9d9f4592627,3401,52,island-unity,build/config,0,0,0,Isolated package-aware copy; named test groups; same editor version and current native plugin. No imports into working Library.,Preserve existing data/algorithm/serialized bindings beyond the described change.,Existing owners retained; test fixtures clean up their created resources.,No unmeasured whole-pipeline performance claim.,reviewed,focused change reviewed,IMPLEMENTATION.md and validation.json; review scope is the described change.
island-unity/validation/boulders-2026-09-14/README.md,b1be93bd190d21d447bf56d1c36f08cd5886a8c5176931283aca8c29396b3421,3098,26,island-unity,documentation,0,0,0,,,,,pending,investigate,
island-unity/validation/bow-contact-rise-2026-09-10/README.md,26cae2f361acefcfe31d29c6155eef20cb44d616c670255df738d9952b0686d8,1045,17,island-unity,documentation,0,0,0,,,,,pending,investigate,
island-unity/validation/broad-wave-warp-2026-09-14/README.md,81b1460d54e2c98502b2322b78f0a51386a12c8f540a65abed9999678d29dc49,1861,31,island-unity,documentation,0,0,0,,,,,pending,investigate,
island-unity/validation/cave-null-handle-2026-09-13/README.md,4e5bec78a1bcd2802c7bfd44b3fd971c5462257156642fbcfef01331fcfe90d4,2278,18,island-unity,documentation,0,0,0,,,,,pending,investigate,
island-unity/validation/coastal-wave-crossfade-2026-09-12/README.md,0db40ecc97c8ee70f42c0de9c49ca9402d01755361925df0f6b097fb84886751,1306,11,island-unity,documentation,0,0,0,,,,,pending,investigate,
island-unity/validation/convex-hull-short-bow-2026-09-10/README.md,436b2f83d0117d47d25dfb4fb86343b4dd69e5312669dc6068ff9e71986b5a95,1628,26,island-unity,documentation,0,0,0,,,,,pending,investigate,
island-unity/validation/distant-sea-antialiasing-2026-09-14/README.md,ec152067d34381a02586124ee0f2f3de15cdf994178db2f4290d8655ffffdda3,1764,30,island-unity,documentation,0,0,0,,,,,pending,investigate,
island-unity/validation/distant-translucency-calm-foam-2026-09-12/README.md,c5f56c0a08444491368113b81417a3e272cbe0bcd42421b2b4b4c2aeffc62c45,1176,11,island-unity,documentation,0,0,0,,,,,pending,investigate,
island-unity/validation/distant-translucency-calm-foam-2026-09-12/distant-translucency.png,0b76b3075801a54e3ddb00dd32548397c5f78adce2aa990ed87dcbfef3330844,27253,0,island-unity,asset/metadata,0,0,0,,,,,pending,investigate,
island-unity/validation/fallen-logs-2026-09-14/README.md,b930a3a39c6372508be96043a60e500c7b35af75a8af16298e2790dca36f191c,1755,12,island-unity,documentation,0,0,0,,,,,pending,investigate,
island-unity/validation/fallen-logs-2026-09-14/end-grain-preview.png,d1670caa351ca3652419471ef7297752b39f76aa7f3a52eed72830507b139d75,20076,0,island-unity,asset/metadata,0,0,0,,,,,pending,investigate,
island-unity/validation/foam-boundary-fade-2026-09-14/README.md,b91c25b1b0b6b06f180d7b9b573b8c9ae6bf7e0f9f09809e3590c50fc82017cd,1484,27,island-unity,documentation,0,0,0,,,,,pending,investigate,
island-unity/validation/foam-height-cutoff-2026-09-14/README.md,9d5f7bdcb59c773eb82966773f3d917e9831eec31fca80cf1c603f4e4baf2b0c,1736,29,island-unity,documentation,0,0,0,,,,,pending,investigate,
island-unity/validation/foam-height-cutoff-2026-09-14/no-aft-wake-preview.png,76574b0d4583592b66b28da87d60715d1c5e75fc6c2984a319fc8207feaae5de,712863,0,island-unity,asset/metadata,0,0,0,,,,,pending,investigate,
island-unity/validation/hull-clamp-feather-2026-09-10/README.md,a3a4576b2abae8c60fa5f8728a749970dd914ca53d9b8af4cd76d3c8d56223c3,1276,23,island-unity,documentation,0,0,0,,,,,pending,investigate,
island-unity/validation/island-empty-lod3-2026-09-13/EmptySnapshotReproTests.cs,02370d22fadb4c817109a84f40b248e35cfdc81bd4a207264328a07ec480a3ee,4097,69,island-unity,test,0,0,0,,,,,pending,investigate,
island-unity/validation/island-empty-lod3-2026-09-13/README.md,0e42bf8f9570b009e8c951b8b8fcb29c5f8a3ceca6112b708d5a6433ddb07be4,1954,11,island-unity,documentation,0,0,0,,,,,pending,investigate,
island-unity/validation/island-lod3-2026-09-12/README.md,beb58ef0db6cd2aa03553c0839506abe85b982331681be137eb76a898fc34ca0,2191,17,island-unity,documentation,0,0,0,,,,,pending,investigate,
island-unity/validation/island-lod3-rise-2026-09-13/README.md,34926d7cc9ce5ec00c887c533275957021a1a2d2dae9af75bf8ae2e5bc8481b7,1726,13,island-unity,documentation,0,0,0,,,,,pending,investigate,
island-unity/validation/lod-seams-2026-09-14/README.md,84b1f099ca57bad1d9628522a92e637761530b997275b9c794da28c9911d0376,2614,34,island-unity,documentation,0,0,0,,,,,pending,investigate,
island-unity/validation/navigation-2026-09-15/README.md,f3b88c704f9c78c229885c31862cf926b7a05e61171e9fc73f29d553b030a99a,6162,106,island-unity,documentation,0,0,0,,,,,pending,investigate,
island-unity/validation/navigation-2026-09-15/benchmark.json,20e0032dfb2b4efb1c90637b1d4070580e387c58f6e6b4195c8443e2aa7418cf,1231,35,island-unity,build/config,0,0,0,,,,,pending,investigate,
island-unity/validation/no-edge-bands-2026-09-11/README.md,eee4911044b6ccb0b47481ff939f59939ec1bbd9bc3b5541ec5151f1c21eca61,755,13,island-unity,documentation,0,0,0,,,,,pending,investigate,
island-unity/validation/no-edge-bands-2026-09-11/coastal-tint-only.png,e4d8e91936591879bb9aaa2cc20e0377a5237453ba792acea6d29eacd9be9644,87812,0,island-unity,asset/metadata,0,0,0,,,,,pending,investigate,
island-unity/validation/no-edge-bands-2026-09-11/river-without-edge-band.png,5ae0ffcb157f6e714c06807f9b2d9e8d116aedfa34a54c34f16fa4b8e6cad134,119597,0,island-unity,asset/metadata,0,0,0,,,,,pending,investigate,
island-unity/validation/ocean-foam-2026-09-10/README.md,bba6b10eaf27ec40830392f6f27953c8e4f1c055172ebaa6c8fbc23559833987,2327,39,island-unity,documentation,0,0,0,,,,,pending,investigate,
island-unity/validation/ocean-foam-2026-09-10/cellular-foam-distorted-phase-0.png,bb405e9c0aefbb3537fa2887034e1af8134ef63f537fccc9c44459c2d44081fd,183374,0,island-unity,asset/metadata,0,0,0,,,,,pending,investigate,
island-unity/validation/ocean-foam-2026-09-10/cellular-foam-weather-noise-phase-0.png,1b796988a46e3456b02f1390454b09ab668184fc0aa46e30e668b983f2c99a67,304189,0,island-unity,asset/metadata,0,0,0,,,,,pending,investigate,
island-unity/validation/ocean-foam-2026-09-10/cellular-foam-weather-noise-phase-1.png,a96d1a87b055dd8b3d7600a29f9ab9b955b13820c291a50cd6a09cdb0261ecac,309054,0,island-unity,asset/metadata,0,0,0,,,,,pending,investigate,
island-unity/validation/ocean-foam-2026-09-10/foam-distorted-phase-0.png,e68171f6078cf6a7433fc3a83719fbbffcb4db59f09c214ec4011da7ca0befad,70938,0,island-unity,asset/metadata,0,0,0,,,,,pending,investigate,
island-unity/validation/ocean-foam-2026-09-10/foam-distorted-phase-1.png,1e5ff083ac4e8e0cf21458fa93ce48ac025b157977b1d4c84a8857cfe1cb979c,70459,0,island-unity,asset/metadata,0,0,0,,,,,pending,investigate,
island-unity/validation/ocean-foam-2026-09-10/foam-undistorted.png,6919090d466bfaa3c609025dfcf11c5705d1f2833983e1a615b74c1881571e45,20161,0,island-unity,asset/metadata,0,0,0,,,,,pending,investigate,
island-unity/validation/ocean-height-and-boat-foam-2026-09-10/README.md,aa8f28ab5d930190dd860e95c5197df7be5c83558ebaaac0959fc8e191d7fdd5,1020,17,island-unity,documentation,0,0,0,,,,,pending,investigate,
island-unity/validation/ocean-height-and-boat-foam-2026-09-10/ocean-height-translucency.png,abc6f1bb41c8728f79695745767ebfae6a105dd3fd05015d56e562391d95214d,94403,0,island-unity,asset/metadata,0,0,0,,,,,pending,investigate,
island-unity/validation/ocean-optics-2026-09-11/README.md,99a6162038959ccdcd36924d16100dbe6750bf07e0ef17baf61ed00f667a68b8,2043,32,island-unity,documentation,1,0,0,,,,,pending,investigate,
island-unity/validation/ocean-optics-2026-09-11/refraction-baseline.png,eb779f6d5cb21af6f3500670041e0ba07c5c6b3987f13ae8fed7cf8138d55856,4332,0,island-unity,asset/metadata,0,0,0,,,,,pending,investigate,
island-unity/validation/ocean-optics-2026-09-11/refraction-safe.png,336663f3eccf19a2074276bec13c67f003d4072ccbc8e411863af7097e5e90f6,3982,0,island-unity,asset/metadata,0,0,0,,,,,pending,investigate,
island-unity/validation/ocean-optics-2026-09-11/refraction-unsafe.png,d53720325364341b053ceaec188e6ca866b92278df3b82bd2ade1b86a93c17f3,3889,0,island-unity,asset/metadata,0,0,0,,,,,pending,investigate,
island-unity/validation/ocean-seabed-blend-2026-09-12/README.md,618b8f23fb02365d332a00fe45e481ef5da60cc6d83fe4bb5a379078b8619723,1514,12,island-unity,documentation,0,0,0,,,,,pending,investigate,
island-unity/validation/ocean-seabed-blend-2026-09-12/ocean-ten-metre-cutoff.png,061b46cfb0573f6136f097cba7469208a1f4aa34bea5ef7aeb8542db1466e845,531,0,island-unity,asset/metadata,0,0,0,,,,,pending,investigate,
island-unity/validation/ocean-smooth-ripples-2026-09-11/README.md,5bdac7b5bab8e4d96010a19d2d7abc7ad11451e9c0b322d44c05a2fe77876573,1598,27,island-unity,documentation,0,0,0,,,,,pending,investigate,
island-unity/validation/ocean-translucency-2026-09-10/README.md,02e7a0f7caf3e1a8dcb19da0615d4bd02024ffbb45101110eab156fecf1a790b,8989,149,island-unity,documentation,0,0,0,,,,,pending,investigate,
island-unity/validation/ocean-translucency-2026-09-10/ocean-after.png,3b121de9305a5ec8d4a2ff0d1c5351772fec00e4e6134d3dfbf2d5fa1d267c28,81178,0,island-unity,asset/metadata,0,0,0,,,,,pending,investigate,
island-unity/validation/ocean-translucency-2026-09-10/ocean-before.png,65a3268469cdc9a550d2888dc3f98d22682412a8f7802fdaf210f0384c72de67,80677,0,island-unity,asset/metadata,0,0,0,,,,,pending,investigate,
island-unity/validation/ocean-translucency-2026-09-10/ocean-feathered-crests.png,e86df6455fd37b63afc8a0cc2b1188ae13c09ac09cf9488ae9da30226a2f6a92,92736,0,island-unity,asset/metadata,0,0,0,,,,,pending,investigate,
island-unity/validation/ocean-translucency-2026-09-10/ocean-height-mask.png,0b0c3d548a3b45259b1f5f630750d2d239bcf0a9aa2528c5a17cc628ae8e5047,82048,0,island-unity,asset/metadata,0,0,0,,,,,pending,investigate,
island-unity/validation/ocean-translucency-2026-09-10/ocean-initial-strong.png,77129f75184f02c633ea80df704b096164a2d2571e35669f37b1b0d688834817,89866,0,island-unity,asset/metadata,0,0,0,,,,,pending,investigate,
island-unity/validation/ocean-translucency-2026-09-10/ocean-strength-4.png,16531a4efd7bb4e27fef9872fad5a35d35fa319d382bbdbb1d3f28708b0dc152,85538,0,island-unity,asset/metadata,0,0,0,,,,,pending,investigate,
island-unity/validation/ocean-translucency-2026-09-10/ocean-strength-6-ambient.png,2bd04728091b4b8eb7b1274570a49d6faaacc82530a4b4f21c2057ace454cb0d,96087,0,island-unity,asset/metadata,0,0,0,,,,,pending,investigate,
island-unity/validation/ocean-translucency-2026-09-10/ocean-weighted-crests.png,86a92a71e2b1a763a5cf97a8ae2fca2fb9a73fa0f35bcfebbdf6846045b3b351,95117,0,island-unity,asset/metadata,0,0,0,,,,,pending,investigate,
island-unity/validation/planar-reflection-frustum-2026-09-13/README.md,21da221be6f227283cfbf534c76993d60b0c68b72ff4ddad85716aaac0c3b627,1634,30,island-unity,documentation,0,0,0,,,,,pending,investigate,
island-unity/validation/planar-reflection-frustum-2026-09-13/baseline-reproduction.cs.txt,f6b6e37c04968467f798a3cb74d372fd157cc1084dc1cbbc28588f7bbcb288e6,1189,25,island-unity,documentation,0,0,0,,,,,pending,investigate,
island-unity/validation/river-bank-band-2026-09-11/README.md,ce5fccebe2536146020cec6ad3524b65827797d1d61028f77a1768749b688e13,951,17,island-unity,documentation,0,0,0,,,,,pending,investigate,
island-unity/validation/river-bank-band-2026-09-11/river-bank-band.png,4992c0b96ba13eb48efd742fd57b72d0b98d67d57200fb23e45174eee869c3d5,125298,0,island-unity,asset/metadata,0,0,0,,,,,pending,investigate,
island-unity/validation/river-flow-restoration-2026-09-11/README.md,c0f8afa73300bb902c9f0debcb04d9723282df46d2a4443afaa028f6182c2e93,1351,23,island-unity,documentation,0,0,0,,,,,pending,investigate,
island-unity/validation/river-flow-restoration-2026-09-11/bed-with-distortion.png,043bcfd7d2020c26652fe02d287d94c4a4a9d1ab2478c39597cdecdd62f10936,20156,0,island-unity,asset/metadata,0,0,0,,,,,pending,investigate,
island-unity/validation/river-flow-restoration-2026-09-11/bed-without-distortion.png,7bc48c6cf824b32e17e12025a6484b24ffba2f7ef161d0356db4128864eac6aa,11588,0,island-unity,asset/metadata,0,0,0,,,,,pending,investigate,
island-unity/validation/river-flow-restoration-2026-09-11/river-bend-and-rapids.png,a6c0fd630272e5ebd940921c36839cea64f5c2c518e423c785d14ec1c54c9ce0,128543,0,island-unity,asset/metadata,0,0,0,,,,,pending,investigate,
island-unity/validation/river-optics-2026-09-11/README.md,8b514825e4f6fc9fd42f03df579351fc28e8f33fd9c803e5157b5a36ce2d8c61,1866,36,island-unity,documentation,0,0,0,,,,,pending,investigate,
island-unity/validation/river-optics-2026-09-11/river-bend-and-rapids.png,69263f96f4de74a9b03d7282024d70efa7a10768b00ce2a65720a5508cfc2ce8,120112,0,island-unity,asset/metadata,0,0,0,,,,,pending,investigate,
island-unity/validation/river-optics-2026-09-11/river-without-detail.png,7ed468c67c20134bf4c9aad84d1b6267708e73b1785d1eda9917b3abb1fc95f8,92895,0,island-unity,asset/metadata,0,0,0,,,,,pending,investigate,
island-unity/validation/river-optics-2026-09-11/river-without-foam.png,586441b9d2ba472a3871203816a3168b0b8400e7d0664c0b26529f63b6b61c0c,100103,0,island-unity,asset/metadata,0,0,0,,,,,pending,investigate,
island-unity/validation/ship-waterline-spray-2026-09-11/README.md,3f1a303a1f8c70e0179ac86b370b4d07e253ea21f0afca8ceeb88e361a8bdf69,3807,59,island-unity,documentation,0,0,0,,,,,pending,investigate,
island-unity/validation/terrain-batch-indices-2026-09-13/README.md,a50e11a746fecebd99de6e55f80a303e212df7c5059316759c2346bc0fc9de46,1477,9,island-unity,documentation,0,0,0,,,,,pending,investigate,
island-unity/validation/underwater-camera-2026-09-12/README.md,65e1c1afd5377df86a562cf778df2857b26669062ae8221ee59107a3a688ae9b,1958,11,island-unity,documentation,0,0,0,,,,,pending,investigate,
island-unity/validation/underwater-camera-2026-09-12/partial-False-0.png,ba339013f48b704e97aa86e0e2b4d5634da88c82ca5e425d24ef57d82d6e7880,561,0,island-unity,asset/metadata,0,0,0,,,,,pending,investigate,
island-unity/validation/underwater-camera-2026-09-12/partial-False-30.png,b8b3110a723ca2a31856cbe92c0ea2cc790772cb3bd03be0a9df30873f72762d,2534,0,island-unity,asset/metadata,0,0,0,,,,,pending,investigate,
island-unity/validation/underwater-camera-2026-09-12/partial-True-25.png,29bd9856a5c7a5e6aaa714f58e210df4d53a1068575403a20a125c415147280b,2264,0,island-unity,asset/metadata,0,0,0,,,,,pending,investigate,
island-unity/validation/underwater-camera-2026-09-12/rolled-exit-depth.png,dde6021aacae4d7adba9bea5050f075f56fcda2f4abc2857ab82cfd7af3b6140,8787,0,island-unity,asset/metadata,0,0,0,,,,,pending,investigate,
island-unity/validation/underwater-camera-2026-09-12/underwater-looking-down.png,bf54d7578c5ded7a05d57f42a30d1ce4982c191ad6492c831f7b14f2a35c1189,531,0,island-unity,asset/metadata,0,0,0,,,,,pending,investigate,
island-unity/validation/underwater-camera-2026-09-12/underwater-looking-up.png,2306fa9a96e1ad97a77d081dc5cbaa154cef5e2399f3b898b98a8f43e55df997,9001,0,island-unity,asset/metadata,0,0,0,,,,,pending,investigate,
island-unity/validation/underwater-camera-2026-09-12/wave-crest.png,610fd6804de032c02ca30cda5e262038c6d278703689c3535171c671c515b297,2635,0,island-unity,asset/metadata,0,0,0,,,,,pending,investigate,
island-unity/validation/underwater-camera-2026-09-12/wave-trough.png,caee0857d799f857ddc01db4ec34038af2f9513f9504310321c6683080aa0643,4389,0,island-unity,asset/metadata,0,0,0,,,,,pending,investigate,
island-unity/validation/unified-ocean-no-aft-wake-2026-09-12/README.md,21be4cec0232ceef5516576c9df4f7ed421a3f21b8cc15fd815d6e086a81dcd3,1482,9,island-unity,documentation,0,0,0,,,,,pending,investigate,
island-unity/validation/visible-wave-foam-cutoff-2026-09-12/README.md,d2b84216489e6476a11235c253d1f934175eabc2d2b78d94203829740b36ccfd,1440,13,island-unity,documentation,0,0,0,,,,,pending,investigate,
island-unity/validation/visible-wave-foam-cutoff-2026-09-12/flat-ocean-no-foam.png,3ae7b2879d08d8c454ec9094d2d647aad72d9e1b5ab8c9204e4a6881d99d3110,7288,0,island-unity,asset/metadata,0,0,0,,,,,pending,investigate,
island-unity/validation/water-viewport-edges-2026-09-14/README.md,10eacd378af0dfc79b5e42827a36edeee5c4995f7cf9bc5468e0ce3b4bf69578,1563,26,island-unity,documentation,0,0,0,,,,,pending,investigate,
island-unity/validation/waterline-outward-blend-2026-09-10/README.md,7f10d106e655ffee31bc8435ef07ec4de4a43b8ec9228be86663d9d0a8c6ef01,1492,24,island-unity,documentation,0,0,0,,,,,pending,investigate,
island-unity/validation/waterline-rebake-2026-09-10/README.md,97887b0179cb7aa4c21ef4dc97ac7ea6aa6d62f0246b8c2949a191aae6ff1184,958,16,island-unity,documentation,0,0,0,,,,,pending,investigate,
packages/com.motu.navigation.meta,4518d3947e8f1254729d6a4bb5d8888121121d8424da4e3e9807868df7118026,77,3,com.motu.navigation.meta,asset/metadata,0,0,0,,,,,pending,investigate,
packages/com.motu.navigation/CHANGELOG.md,74acbaf8591813479a216fe85844cb318e72695e1b5df88726c375eacbc5ad57,139,5,com.motu.navigation,documentation,0,0,0,,,,,pending,investigate,
packages/com.motu.navigation/CHANGELOG.md.meta,329ca71513ce8b477df862ecce536b310f5636ce57e21d8e1e99f4588f915ecf,60,2,com.motu.navigation,asset/metadata,0,0,0,,,,,pending,investigate,
packages/com.motu.navigation/Editor.meta,6a9262d14f477849430d471312dbd68bcf7a12670be22f7c927ce8df963976df,77,3,com.motu.navigation,asset/metadata,0,0,0,,,,,pending,investigate,
packages/com.motu.navigation/Editor/IslandNavigationRegistration.cs,d04336ebd7b58ece5f02d2264d499f2b9191f73180b57cef522d4d89fc48a073,249,11,com.motu.navigation,editor,0,0,0,,,,,pending,investigate,
packages/com.motu.navigation/Editor/IslandNavigationRegistration.cs.meta,92dfd991ddd1f9222030562a63fdfbaad208d36a574e31b89df417d9a8bd6310,60,2,com.motu.navigation,asset/metadata,0,0,0,,,,,pending,investigate,
packages/com.motu.navigation/Editor/Motu.Navigation.Editor.asmdef,a40dc072d50d6a9e90a27a8648b95a5983047e6bb44765a9676aa334917e8835,146,10,com.motu.navigation,build/config,0,0,0,,,,,pending,investigate,
packages/com.motu.navigation/Editor/Motu.Navigation.Editor.asmdef.meta,23f7bc3be81cb78383ff3e9cccc8f28db6ff6213577da7afcc414a0f78f07332,60,2,com.motu.navigation,asset/metadata,0,0,0,,,,,pending,investigate,
packages/com.motu.navigation/LICENSE.md,5802b1398180bcf01fe70321b318a6e46d3a3e8d28d1b9b577dae2219ee9c5ee,201,4,com.motu.navigation,documentation,0,0,0,,,,,pending,investigate,
packages/com.motu.navigation/LICENSE.md.meta,7319e9f6142a0f6a88432907d96ff02a52e39abf2077858923c0d1485cb06c8c,60,2,com.motu.navigation,asset/metadata,0,0,0,,,,,pending,investigate,
packages/com.motu.navigation/README.md,8605ccbaa9a70ef118c3b5875051fbbad4de40301abb34e49976971a227336b8,3153,56,com.motu.navigation,documentation,0,0,0,,,,,pending,investigate,
packages/com.motu.navigation/README.md.meta,8870b52959013d5deb8e72ca5f546f4753b782454395b8bf8f99594df682f455,60,2,com.motu.navigation,asset/metadata,0,0,0,,,,,pending,investigate,
packages/com.motu.navigation/Runtime.meta,a39d50c0491cbbad002d465548dd4ac61c3a67ac227c68007546e03160bd4ab0,116,5,com.motu.navigation,asset/metadata,0,0,0,,,,,pending,investigate,
packages/com.motu.navigation/Runtime/AssemblyInfo.cs,3fe444d52dff21f7fabd68cf8cd91214bed14706f3780a5cf309c292bdf1add6,288,5,com.motu.navigation,implementation,0,0,0,Optional package installer has no scene reference.,AlwaysLinkAssembly preserves runtime initializer root under IL2CPP.,Assembly-only metadata; no runtime resource allocation.,No whole-pipeline performance claim.,reviewed,focused change reviewed,"Clean navigation IL2CPP player installs, bakes and registers navigation."
packages/com.motu.navigation/Runtime/AssemblyInfo.cs.meta,e6cd1fcf096446b141b273ace42d88a0811dc4ca7b9ed2488e9515def8a514e1,60,2,com.motu.navigation,asset/metadata,0,0,0,,,,,pending,investigate,
packages/com.motu.navigation/Runtime/IslandNavigation.cs,b83129ea7453977fda09aa6d9f0111929183d50bfcc570cbb37e50b3f1d2fcab,17710,343,com.motu.navigation,implementation,0,5,0,Optional navigation installer -> background chunk index -> sequential native bakes -> connected registered chunks.,"Serialized chunk bake lifecycle, temporary neighbour queries, registration, cancellation and source release; standard long-path limitations documented.",Prepared arrays borrowed through indexing/build; current Unity sources retained until native operation completes; all owned links/data released on unload.,One global bake; one worker by default; one spatial source batch uploaded at a time. Full-world peak memory is not inferred from source payload counters.,reviewed,bound navigation bake allocations,NAVIGATION_CHUNKS.md; navigation-chunks/connectivity.json; navigation_chunks validation entry.
packages/com.motu.navigation/Runtime/IslandNavigation.cs.meta,b8f4925bebcb52423c9ffb1337aa7654df0379aaf4fc8c2b31c8951e1064718f,60,2,com.motu.navigation,asset/metadata,0,0,0,,,,,pending,investigate,
packages/com.motu.navigation/Runtime/IslandNavigationBuildSettings.cs,e6f43b0107f6de6622571d79fcf7af01839d984df3c25cb11593f922e424d9a2,1096,26,com.motu.navigation,implementation,0,0,0,Optional navigation installer -> background chunk index -> sequential native bakes -> connected registered chunks.,Native bake worker limit copied from validated settings; full height mesh and existing voxel/tile semantics retained.,Prepared arrays borrowed through indexing/build; current Unity sources retained until native operation completes; all owned links/data released on unload.,One global bake; one worker by default; one spatial source batch uploaded at a time. Full-world peak memory is not inferred from source payload counters.,reviewed,bound navigation bake allocations,NAVIGATION_CHUNKS.md; navigation-chunks/connectivity.json; navigation_chunks validation entry.
packages/com.motu.navigation/Runtime/IslandNavigationBuildSettings.cs.meta,71b8f1afc3fe67ecaf63a69b924442f25b67f14125231ea6c236c611a68a2c30,60,2,com.motu.navigation,asset/metadata,0,0,0,,,,,pending,investigate,
packages/com.motu.navigation/Runtime/IslandNavigationChunks.cs,c8d8a3ee45c7b2cd1290b0fc19b03e54ce0bec2a40770adec306de7f6e7cf38b,5464,106,com.motu.navigation,implementation,0,5,0,Optional navigation installer -> background chunk index -> sequential native bakes -> connected registered chunks.,"Worker index of original faces, overlap context, shared vertical quantization range and deterministic chunk order.",Prepared arrays borrowed through indexing/build; current Unity sources retained until native operation completes; all owned links/data released on unload.,One global bake; one worker by default; one spatial source batch uploaded at a time. Full-world peak memory is not inferred from source payload counters.,reviewed,bound navigation bake allocations,NAVIGATION_CHUNKS.md; navigation-chunks/connectivity.json; navigation_chunks validation entry.
packages/com.motu.navigation/Runtime/IslandNavigationChunks.cs.meta,7065a4652dc3d824bbebd656ef97d714464c79b59fb5e5dfd537ef646acaee37,60,2,com.motu.navigation,asset/metadata,0,0,0,,,,,pending,investigate,
packages/com.motu.navigation/Runtime/IslandNavigationInstaller.cs,cb85e5e69e1a00e2e723e9db4207dea4282b976ebe4010412793a802a74fc0f7,794,22,com.motu.navigation,implementation,0,0,0,Navigation registers at editor/runtime initialization; core invokes extension only when present.,Whole LOD0 source preserved; 0.5 m default radius; terrain readiness distinct from nav readiness.,Runtime owns extension; extension retains upload sources through asynchronous bake completion.,See measurement/evidence; no unmeasured speed claim.,reviewed,optional navigation boundary,IslandNavigationTests; core assembly dependency check; clean core-only consumer.
packages/com.motu.navigation/Runtime/IslandNavigationInstaller.cs.meta,ab131a67047de426ae610c5d3427c4bc533cc61011c80b00fe588ca8c567fe83,60,2,com.motu.navigation,asset/metadata,0,0,0,,,,,pending,investigate,
packages/com.motu.navigation/Runtime/IslandNavigationSeams.cs,adbf77dd2e730758cd45c4970fd52932a3a6a249a35f54726ef8449efee842c4,7879,137,com.motu.navigation,implementation,0,2,0,Optional navigation installer -> background chunk index -> sequential native bakes -> connected registered chunks.,Crossings derived from walkable source faces; height-aware endpoint checks and horizontal border checks; discard redundancy only with traversable paths on both sides.,Prepared arrays borrowed through indexing/build; current Unity sources retained until native operation completes; all owned links/data released on unload.,One global bake; one worker by default; one spatial source batch uploaded at a time. Full-world peak memory is not inferred from source payload counters.,reviewed,bound navigation bake allocations,NAVIGATION_CHUNKS.md; navigation-chunks/connectivity.json; navigation_chunks validation entry.
packages/com.motu.navigation/Runtime/IslandNavigationSeams.cs.meta,249744bd27edb2674089d066551708dd21aecf13122e1cd81641478470f76f01,60,2,com.motu.navigation,asset/metadata,0,0,0,,,,,pending,investigate,
packages/com.motu.navigation/Runtime/IslandNavigationSources.cs,550764abcddb8c610767aba4f459ee9faa6a7192a79140da37a8b58289813bfb,7491,169,com.motu.navigation,implementation,0,6,0,Optional navigation installer -> background chunk index -> sequential native bakes -> connected registered chunks.,"Compact source vertices, unchanged LOD0 face positions and material areas, local obstacle selection with conservative rotated AABBs.",Prepared arrays borrowed through indexing/build; current Unity sources retained until native operation completes; all owned links/data released on unload.,One global bake; one worker by default; one spatial source batch uploaded at a time. Full-world peak memory is not inferred from source payload counters.,reviewed,bound navigation bake allocations,NAVIGATION_CHUNKS.md; navigation-chunks/connectivity.json; navigation_chunks validation entry.
packages/com.motu.navigation/Runtime/IslandNavigationSources.cs.meta,d36add7c62b9cc7b5baa13dea13fea94f478a9dd81cadfef0372461482280cf0,60,2,com.motu.navigation,asset/metadata,0,0,0,,,,,pending,investigate,
packages/com.motu.navigation/Runtime/Motu.Navigation.asmdef,cc8af09d20164c4376933cad24556f6b4e1ae27b9d6ee15c223dec654225fbc0,74,6,com.motu.navigation,build/config,0,0,0,,,,,pending,investigate,
packages/com.motu.navigation/Runtime/Motu.Navigation.asmdef.meta,91851e40441250d230a07cd252315456c210fa8fcfa1df566b42308cde0fcfd0,60,2,com.motu.navigation,asset/metadata,0,0,0,,,,,pending,investigate,
packages/com.motu.navigation/Third Party Notices.md,913698c75f3ab67ecc674fc12cde6940d931266cf89dcc20bb294af59438c52c,239,5,com.motu.navigation,documentation,0,0,0,,,,,pending,investigate,
packages/com.motu.navigation/Third Party Notices.md.meta,7b099b3193929ee74b0efa934f25fd4fa02030c2990a6ce469cc052531d52489,60,2,com.motu.navigation,asset/metadata,0,0,0,,,,,pending,investigate,
packages/com.motu.navigation/package.json,6b39ba2efdb9a13aa9dd4507e4f7b05067c785793b9d636d9266c80dcdd80c93,314,11,com.motu.navigation,build/config,0,0,0,,,,,pending,investigate,
packages/com.motu.navigation/package.json.meta,3c9f1e75344132bcad1f69760999aa6f07289dac7e75412e2d4e4aa724f65e7f,60,2,com.motu.navigation,asset/metadata,0,0,0,,,,,pending,investigate,
packages/com.motu.runtime.meta,95bc04871ef589d352a20aefbf066caa940a7500e6bed030cfe421447169c6ae,77,3,com.motu.runtime.meta,asset/metadata,0,0,0,,,,,pending,investigate,
packages/com.motu.runtime/CHANGELOG.md,74acbaf8591813479a216fe85844cb318e72695e1b5df88726c375eacbc5ad57,139,5,com.motu.runtime,documentation,0,0,0,,,,,pending,investigate,
packages/com.motu.runtime/CHANGELOG.md.meta,6d79efdeb752cec592c91596b56c24e19284439d8202c99376f2bebd2c9a40be,60,2,com.motu.runtime,asset/metadata,0,0,0,,,,,pending,investigate,
packages/com.motu.runtime/Documentation~/architecture.md,e4dc77e9844a32a0fb3e7f421d1a626b0c50e22fbc26652a185bc0cc48f33cdc,2291,34,com.motu.runtime,sample/documentation,0,0,0,,,,,pending,investigate,
packages/com.motu.runtime/Documentation~/validation.md,b28b4bf3d6b24793755a980f6130e0bedec6f86ee9c057ad32170f3a203d9515,1476,23,com.motu.runtime,sample/documentation,0,0,0,,,,,pending,investigate,
packages/com.motu.runtime/Editor.meta,6f7ffd77acb6522ee603f3c208fcee9a0f91c94578e6a8512223125fae803c24,77,3,com.motu.runtime,asset/metadata,0,0,0,,,,,pending,investigate,
packages/com.motu.runtime/Editor/AssemblyInfo.cs,06bbba12591205d7aaca1506c814abd139f9b7a0279b63f3476764b31becbd87,147,5,com.motu.runtime,editor,0,0,0,,,,,pending,investigate,
packages/com.motu.runtime/Editor/AssemblyInfo.cs.meta,c3b8926188c54623b3d18221f52cc5d812dd0742823f7ac05d007f57c47782d4,60,2,com.motu.runtime,asset/metadata,0,0,0,,,,,pending,investigate,
packages/com.motu.runtime/Editor/IslandGeneratorEditor.cs,51df5493fe57a19de5f0d1fcf52f0ee6bcae8b6499da8f75812cf3d8928dd46b,3521,94,com.motu.runtime,editor,0,0,0,,,,,pending,investigate,
packages/com.motu.runtime/Editor/IslandGeneratorEditor.cs.meta,4e053385b29109e2ba0d1cdb49d0c942af8267bf6314fe80044852205fe8548b,59,2,com.motu.runtime,asset/metadata,0,0,0,,,,,pending,investigate,
packages/com.motu.runtime/Editor/Motu.Editor.asmdef,80f59c3d6c5c9ad6ea108a9d5fc7c5c9ba384ab3058dc87892607f6571c2290f,139,10,com.motu.runtime,build/config,0,0,0,,,,,pending,investigate,
packages/com.motu.runtime/Editor/Motu.Editor.asmdef.meta,cf610752fbec306922acac1db6e387ed220664ebadea91eceec595374f10839a,60,2,com.motu.runtime,asset/metadata,0,0,0,,,,,pending,investigate,
packages/com.motu.runtime/Editor/NoiseBenchmark.cs,c9446f4d1f01a69c532840b2ccdd313db392bc194cd6657ae536994df99899b3,1529,37,com.motu.runtime,editor,0,2,0,Island material construction; generic material factories; benchmark editor entry point.,Noise pixels unchanged; main-thread reference-counted leases; explicit shader resource references survive player stripping.,Last lease destroys generated noise; authored textures borrowed; resource shader library immutable.,See measurement/evidence; no unmeasured speed claim.,reviewed,share immutable data / preserve player shaders,SharedNoiseLivesUntilTheLastIslandReleasesIt; clean player; noise benchmark.
packages/com.motu.runtime/Editor/NoiseBenchmark.cs.meta,273ff8be096e15165277816eefd522092503993ceebd3476115f221af9264917,60,2,com.motu.runtime,asset/metadata,0,0,0,,,,,pending,investigate,
packages/com.motu.runtime/Editor/OceanBuoyancyEditor.cs,edd9419aeceaaf622c2d85a290d6e8eacbee6d118911e544dd188f26dae5403a,3720,70,com.motu.runtime,editor,0,0,0,,,,,pending,investigate,
packages/com.motu.runtime/Editor/OceanBuoyancyEditor.cs.meta,f14aab44f614d2fae404849f9fbeffdbed2d714690d13aabb558860ca47102c1,59,2,com.motu.runtime,asset/metadata,0,0,0,,,,,pending,investigate,
packages/com.motu.runtime/Editor/OceanHullSprayEditor.cs,473910d0ab0ea44e280579a2bd7de528680794ae04b38a9b19e73bdea089457e,1339,32,com.motu.runtime,editor,0,0,0,,,,,pending,investigate,
packages/com.motu.runtime/Editor/OceanHullSprayEditor.cs.meta,8661a54c40823faed3e49d869bf99611f93db6d12bc27765a5cd67ee27916ca4,60,2,com.motu.runtime,asset/metadata,0,0,0,,,,,pending,investigate,
packages/com.motu.runtime/Editor/ShipDeckWaveClampSetup.cs,4c53958c7197fa03b7116cec98cb221d59270e52fb2726292cca76ebab61414a,4355,79,com.motu.runtime,editor,0,0,0,,,,,pending,investigate,
packages/com.motu.runtime/Editor/ShipDeckWaveClampSetup.cs.meta,d5d8e0841e756ead861660047e4d3cb427e92efd8ced98592017d5074801a60f,60,2,com.motu.runtime,asset/metadata,0,0,0,,,,,pending,investigate,
packages/com.motu.runtime/Editor/ShipSprayLoopBuilder.cs,6cf8b603b9d7c920333c9f28370a30e24932d6460adda745b1f1967bc10eadc9,8115,157,com.motu.runtime,editor,0,3,0,,,,,pending,investigate,
packages/com.motu.runtime/Editor/ShipSprayLoopBuilder.cs.meta,fd077ef14e5852bcc51bb7dcd8a282299e74d9308b96ab15d15fd1cdbab7ab95,60,2,com.motu.runtime,asset/metadata,0,0,0,,,,,pending,investigate,
packages/com.motu.runtime/Editor/ShipWaterlineTextureBuilder.cs,c99b898aabe3baa4f5986aff65c2a1136191794ccc0d727cd763b92b4a63b092,13704,266,com.motu.runtime,editor,0,3,0,,,,,pending,investigate,
packages/com.motu.runtime/Editor/ShipWaterlineTextureBuilder.cs.meta,a3656e74558a2d5e7124bf5b1f9cf8ebb8c056d1643349b2d8f3ecbd49fe95fa,60,2,com.motu.runtime,asset/metadata,0,0,0,,,,,pending,investigate,
packages/com.motu.runtime/Editor/ShipWaterlineTextureWindow.cs,10d85d6d62c3e3cd1e6fd45b9481e5c7e4ed7737f66592ee18933f32fdccf425,13640,235,com.motu.runtime,editor,0,0,0,,,,,pending,investigate,
packages/com.motu.runtime/Editor/ShipWaterlineTextureWindow.cs.meta,b13bb9622c7ae750724a3ccbf13f09036ba257948d9a9287d762cdd2bfbbe718,60,2,com.motu.runtime,asset/metadata,0,0,0,,,,,pending,investigate,
packages/com.motu.runtime/Editor/ShipWaveTextureWindow.cs,1d63ab8f3540a9691f2817cd211bf40009560798e939aa060cf708e0f7bce1f6,3473,68,com.motu.runtime,editor,0,0,0,,,,,pending,investigate,
packages/com.motu.runtime/Editor/ShipWaveTextureWindow.cs.meta,cf1b250415185a404469309bbcb7fa1e3a4064fa4627ec767d1d091b9752d293,60,2,com.motu.runtime,asset/metadata,0,0,0,,,,,pending,investigate,
packages/com.motu.runtime/Editor/SingleIslandEditor.cs,611d74e481245a829587da085fa5d850d58874a91ec3f227ee6f11bfd9226769,899,21,com.motu.runtime,editor,0,0,0,SingleIsland -> IslandGenerator -> worker/installer; Inspector and world callers retained.,Main-thread Unity facade; snapshots request settings; busy requests return false; no implicit single-island camera/environment.,Generator cancels in-flight preparation and releases installed runtime; native work returns before disposal.,See measurement/evidence; no unmeasured speed claim.,reviewed,simplify/host integration,HostIntegrationTests; RuntimeContractsTests; clean consumer player.
packages/com.motu.runtime/Editor/SingleIslandEditor.cs.meta,765569625d27bbf0c91c0092bcb776fbcc78c754eaa856f36b256eef579790ca,60,2,com.motu.runtime,asset/metadata,0,0,0,,,,,pending,investigate,
packages/com.motu.runtime/LICENSE.md,5802b1398180bcf01fe70321b318a6e46d3a3e8d28d1b9b577dae2219ee9c5ee,201,4,com.motu.runtime,documentation,0,0,0,,,,,pending,investigate,
packages/com.motu.runtime/LICENSE.md.meta,023c71bc40b26088c8fccf214d940d565206439eee49e73af6860c38e5862f3c,60,2,com.motu.runtime,asset/metadata,0,0,0,,,,,pending,investigate,
packages/com.motu.runtime/README.md,a6ac363a2be037b8646b1fab042de8640ac1a9e33bcdd398738b7d4beac2db29,6776,123,com.motu.runtime,documentation,0,0,0,,,,,pending,investigate,
packages/com.motu.runtime/README.md.meta,9ea71fd7e2fec4241da197ab6d9699fddc31d55b85e2ebe65197bdd71a6d2c38,60,2,com.motu.runtime,asset/metadata,0,0,0,,,,,pending,investigate,
packages/com.motu.runtime/Runtime.meta,3a6f7ddb1faa39cfde68a48f4774294628ee5724ce58bec21d768b4c314e827d,169,8,com.motu.runtime,asset/metadata,0,0,0,,,,,pending,investigate,
packages/com.motu.runtime/Runtime/AssemblyInfo.cs,3f29260879359a34eea05fb29257c21ac6583fc513bdd824f1d7a38d601ab44d,459,11,com.motu.runtime,implementation,0,0,0,,,,,pending,investigate,
packages/com.motu.runtime/Runtime/AssemblyInfo.cs.meta,43463cc9c126d4cbca1cc1a4e4b27dbf718f35a39214f607d1086b3942653d6f,60,2,com.motu.runtime,asset/metadata,0,0,0,,,,,pending,investigate,
packages/com.motu.runtime/Runtime/Gameplay.meta,a70b40e149db2b40834d2bb72425ccfc94fc56d25c3c2f7a481ad6aa9bc62dc3,169,8,com.motu.runtime,asset/metadata,0,0,0,,,,,pending,investigate,
packages/com.motu.runtime/Runtime/Gameplay/OceanBuoyancy.cs,890dbf4ca0b62631fa239c1ef6ea03e2ed5a05881eef14856bec4b2d616cb029,10026,200,com.motu.runtime,implementation,0,0,1,,,,,pending,investigate,
packages/com.motu.runtime/Runtime/Gameplay/OceanBuoyancy.cs.meta,828d92d531a4211242ce6aad96e2561cc969256fd7db440b4610edfc7a2db6ef,59,2,com.motu.runtime,asset/metadata,0,0,0,,,,,pending,investigate,
packages/com.motu.runtime/Runtime/Interop.meta,ce7cf3f226424fa5ba51b3e4a22d07cb8b731d0eb7edd07c984d21fa706a3c46,169,8,com.motu.runtime,asset/metadata,0,0,0,,,,,pending,investigate,
packages/com.motu.runtime/Runtime/Interop/CaveNative.cs,5899306d58d5ad8fbfa5c3f4d11f44abba5c782b002370a86fe3907383ad3077,7644,148,com.motu.runtime,implementation,0,0,0,,,,,pending,investigate,
packages/com.motu.runtime/Runtime/Interop/CaveNative.cs.meta,46f9216b1b98d7c7d0a9e7f986a0ad465660e340d21eee86875e1a50a080efcf,59,2,com.motu.runtime,asset/metadata,0,0,0,,,,,pending,investigate,
packages/com.motu.runtime/Runtime/Interop/CavePreparation.cs,36613785524f7a402e4915238c340338d872038e1cb0ea2c8b2d9bf7a3597fe3,8731,144,com.motu.runtime,implementation,0,2,0,,,,,pending,investigate,
packages/com.motu.runtime/Runtime/Interop/CavePreparation.cs.meta,6393f49ebc0350c56e3d17d98616f3127802f86a13b3da343e03e15408773202,59,2,com.motu.runtime,asset/metadata,0,0,0,,,,,pending,investigate,
packages/com.motu.runtime/Runtime/Interop/IslandMeshInterop.cs,2271960b81ae118a5b20d39f09fc77bbb7ee163521f0c02dc46f8acf46a40e01,11573,305,com.motu.runtime,implementation,0,0,0,,,,,pending,investigate,
packages/com.motu.runtime/Runtime/Interop/IslandMeshInterop.cs.meta,8c58a4326007f377ec005880eea7b222c910c79c4e2a8919ad631fc4a208dd47,60,2,com.motu.runtime,asset/metadata,0,0,0,,,,,pending,investigate,
packages/com.motu.runtime/Runtime/Interop/MaterialPreparation.cs,7f6c8207be43582644da350dcefc0e80a7ca5a59052f99f34797bddf12024e21,6656,159,com.motu.runtime,implementation,0,0,0,,,,,pending,investigate,
packages/com.motu.runtime/Runtime/Interop/MaterialPreparation.cs.meta,908292fd71ddf3adbdbec3f3a0be865ce8681e2a6c425b89019c27c5354752be,60,2,com.motu.runtime,asset/metadata,0,0,0,,,,,pending,investigate,
packages/com.motu.runtime/Runtime/Interop/MotuNative.cs,b07747f847ea8116fcce18f1323a5e1a0e8f7852713b128ffcf62d917b21ce00,19253,536,com.motu.runtime,implementation,0,0,0,,,,,pending,investigate,
packages/com.motu.runtime/Runtime/Interop/MotuNative.cs.meta,a3b3c6f45ac8f53885931a42dee7524d3df6aeebcb78138e4c92d162accafd92,59,2,com.motu.runtime,asset/metadata,0,0,0,,,,,pending,investigate,
packages/com.motu.runtime/Runtime/Interop/NativeAbi.cs,cb88dd3e070c9c36378d4998592dfe831a3e74d850b35835d0399acbf68e3f50,2862,48,com.motu.runtime,implementation,0,0,0,Native entry point static constructors and Rust exported scalar ABI methods.,C ABI version 1; checked representative sizes and mixed-padding offsets before records cross FFI. macOS relocatable install ID.,ABI metadata owns no exported allocations; array validators borrow pointers.,See measurement/evidence; no unmeasured speed claim.,reviewed,harden boundary,NativeBinaryMatchesManagedLayouts; Rust ABI test; dylib symbols and player load.
packages/com.motu.runtime/Runtime/Interop/NativeAbi.cs.meta,ac26c69779c51427b8152a32a86fbfe721d82f5f4722cff68e93e5e7a10cb8af,60,2,com.motu.runtime,asset/metadata,0,0,0,,,,,pending,investigate,
packages/com.motu.runtime/Runtime/Interop/NativeExportValidation.cs,c05dc18d65ed9f399fe90ca8847f94e22125d55614c20de6fc02b6c5dc3c46fe,487,18,com.motu.runtime,implementation,0,0,0,Native entry point static constructors and Rust exported scalar ABI methods.,C ABI version 1; checked representative sizes and mixed-padding offsets before records cross FFI. macOS relocatable install ID.,ABI metadata owns no exported allocations; array validators borrow pointers.,See measurement/evidence; no unmeasured speed claim.,reviewed,harden boundary,NativeBinaryMatchesManagedLayouts; Rust ABI test; dylib symbols and player load.
packages/com.motu.runtime/Runtime/Interop/NativeExportValidation.cs.meta,0102701f978bda67cd9b840a664f6e5ce0d4054738033b36c72f7daa91dff0c9,60,2,com.motu.runtime,asset/metadata,0,0,0,,,,,pending,investigate,
packages/com.motu.runtime/Runtime/Interop/NativeIslandHandle.cs,8eb2ff6f7957eb354cdd381bf329c781b8964b1a5be0a747bf95bda953573e47,2485,83,com.motu.runtime,implementation,0,0,0,IslandGenerator.PrepareStreamingAt -> TerrainTileStreamer; runtime installer supplies owned native island.,"Reference-counted owner, thread-safe lease acquisition and idempotent disposal.",Background exports hold a native lease; unload cancels without waiting; Unity objects stay on the main thread.,"One export globally, cooperative upload budget; atomic mesh/collider calls remain.",reviewed,streaming responsiveness,STREAMING_FREEZES.md; streaming-freezes/unity-tests.xml; streaming-freezes/consumer-tests.xml
packages/com.motu.runtime/Runtime/Interop/NativeIslandHandle.cs.meta,ebafda1caca9caccc1f2b6d332d14e4d247abab767da600b42affa5961f75145,59,2,com.motu.runtime,asset/metadata,0,0,0,,,,,pending,investigate,
packages/com.motu.runtime/Runtime/Interop/TerrainPreparation.cs,173c441bab03051f61b0beb9b9cd7d0b3f0d7a6d691c3f83308d5e9cb0e9cbe9,6055,131,com.motu.runtime,implementation,0,3,0,,,,,pending,investigate,
packages/com.motu.runtime/Runtime/Interop/TerrainPreparation.cs.meta,939e0df95ccef5cf504aa42d5df80ac7b3e76064a8d1d653368993dbf49e8ac6,60,2,com.motu.runtime,asset/metadata,0,0,0,,,,,pending,investigate,
packages/com.motu.runtime/Runtime/Interop/VegetationPreparation.cs,0310c2fdeee342d77a19e05112ac29ecc583d9cfe9383137cc735b1678ddef08,17682,398,com.motu.runtime,implementation,0,3,0,Preparation -> TerrainTileStreamer -> ForestTileStreamer -> ForestGridWorker; benchmark and test entry points.,"Forest eager detail removal, bounded region arguments and export cleanup reviewed; reed/fern and all validation helpers remain partial.",Whole native forest remains resident; managed detail arrays transfer once; pending and installed Unity details are owned by the streamer.,"FOREST_STREAMING.md records summed whole-island payload and maximum temporary region, with mesh upload and snapshot-load limits.",partial,bounded forest detail residency,FOREST_STREAMING.md; forest-streaming/large-island.json; forest_streaming in validation.json.
packages/com.motu.runtime/Runtime/Interop/VegetationPreparation.cs.meta,cecbbbb490341835469d705ac4686d12efc3d354594f92a5fb2603ea4b1aaac5,60,2,com.motu.runtime,asset/metadata,0,0,0,,,,,pending,investigate,
packages/com.motu.runtime/Runtime/Interop/WaterPreparation.cs,196ce9b61886ff1c0f92e68fb6464c4d2f8d0fe30439bbc4d4457d1af881d7dc,7868,196,com.motu.runtime,implementation,0,0,0,,,,,pending,investigate,
packages/com.motu.runtime/Runtime/Interop/WaterPreparation.cs.meta,437462a3cd816ff2efab9ba2918efd4331a952cb70bf0e063dc8a14cca647694,60,2,com.motu.runtime,asset/metadata,0,0,0,,,,,pending,investigate,
packages/com.motu.runtime/Runtime/Islands.meta,654b4185235505bfcd052349987ed29320e3bd2cbeb73c47a0a6f80906652441,169,8,com.motu.runtime,asset/metadata,0,0,0,,,,,pending,investigate,
packages/com.motu.runtime/Runtime/Islands/CoherentIslandFactory.cs,bd30fb8424c7f9b1199e0de4fab80413c61e192a7486e2000ef118ca29c5d363,7449,183,com.motu.runtime,implementation,0,0,0,,,,,pending,investigate,
packages/com.motu.runtime/Runtime/Islands/CoherentIslandFactory.cs.meta,1ac8f9f608e9c08d96f7d8bc4352d95c6327a1b441dcdaa8689b3c6b9f689ee5,59,2,com.motu.runtime,asset/metadata,0,0,0,,,,,pending,investigate,
packages/com.motu.runtime/Runtime/Islands/GridIslandGenerationRequestFactory.cs,ba47e8ca01107d7b23e2e233b353b0af206dc186116f7c8836a2f74970f61ba1,7328,199,com.motu.runtime,implementation,0,2,0,,,,,pending,investigate,
packages/com.motu.runtime/Runtime/Islands/GridIslandGenerationRequestFactory.cs.meta,a674edf97c8d6518ece88e2a099c563801c3abd49f956d4a4a547ca2970ea49f,60,2,com.motu.runtime,asset/metadata,0,0,0,,,,,pending,investigate,
packages/com.motu.runtime/Runtime/Islands/IIslandGenerationRequestFactory.cs,2f1dc6012a2e65482cf06bbdf1c73eefea6ef488c90c5334b1668e03617adb71,737,19,com.motu.runtime,implementation,0,0,0,,,,,pending,investigate,
packages/com.motu.runtime/Runtime/Islands/IIslandGenerationRequestFactory.cs.meta,15eda24313e0f9de47749a04848e1c87daab1ce6ebd0f4a2580eb6e54805d386,60,2,com.motu.runtime,asset/metadata,0,0,0,,,,,pending,investigate,
packages/com.motu.runtime/Runtime/Islands/IIslandNavigation.cs,f46c08b3904c8025e94aff1ac2cf6141740b6c947122801061fd66407ab84988,391,14,com.motu.runtime,implementation,0,0,0,Navigation registers at editor/runtime initialization; core invokes extension only when present.,Whole LOD0 source preserved; 0.5 m default radius; terrain readiness distinct from nav readiness.,Runtime owns extension; extension retains upload sources through asynchronous bake completion.,See measurement/evidence; no unmeasured speed claim.,reviewed,optional navigation boundary,IslandNavigationTests; core assembly dependency check; clean core-only consumer.
packages/com.motu.runtime/Runtime/Islands/IIslandNavigation.cs.meta,159abd78f29007dbd07ef9f69c230d11c455613636b5c7b9fdec7bb5418ff78f,60,2,com.motu.runtime,asset/metadata,0,0,0,,,,,pending,investigate,
packages/com.motu.runtime/Runtime/Islands/IslandDescriptor.cs,05fdc38b0192cd82e200a5759a9bd4f766ba8bd255fb00aca605607e05ca5177,3016,78,com.motu.runtime,implementation,0,0,0,,,,,pending,investigate,
packages/com.motu.runtime/Runtime/Islands/IslandDescriptor.cs.meta,9a78cbc1869f3edeb97bd53fae3bc85998d82a894a0367e358ae10600fe58d54,60,2,com.motu.runtime,asset/metadata,0,0,0,,,,,pending,investigate,
packages/com.motu.runtime/Runtime/Islands/IslandGenerationLifecycle.cs,01e5cc914e7f568e5cc7065fd72da7825745f635b6befe43765717e2e756e6ce,1892,69,com.motu.runtime,implementation,0,0,0,,,,,pending,investigate,
packages/com.motu.runtime/Runtime/Islands/IslandGenerationLifecycle.cs.meta,db0d719a07f38c9e9206bbc64dcbb347924ba9e58e4c847891a69c0942a6c956,60,2,com.motu.runtime,asset/metadata,0,0,0,,,,,pending,investigate,
packages/com.motu.runtime/Runtime/Islands/IslandGenerationProfile.cs,a614122d861c85a7865416b8045ab70ebd3a64a295570e5c4b1a1dad47df0d59,2074,52,com.motu.runtime,implementation,0,0,0,,,,,pending,investigate,
packages/com.motu.runtime/Runtime/Islands/IslandGenerationProfile.cs.meta,1cae025febe6451356c0f0882714c1d8d0d7da863b8ab142bc6aab9ab6ae36b6,60,2,com.motu.runtime,asset/metadata,0,0,0,,,,,pending,investigate,
packages/com.motu.runtime/Runtime/Islands/IslandGenerationRequest.cs,8fc927a8ec92999deae438c6efd800a1e8b7145b71cc584295c7e22e1b51967a,6922,178,com.motu.runtime,implementation,0,0,0,,,,,pending,investigate,
packages/com.motu.runtime/Runtime/Islands/IslandGenerationRequest.cs.meta,efc58939fcf320a1d0b2b33dc63a881f2c0594f83f0c11f539598eaee538e127,60,2,com.motu.runtime,asset/metadata,0,0,0,,,,,pending,investigate,
packages/com.motu.runtime/Runtime/Islands/IslandGenerationRequestFactoryBase.cs,c966abda0a486abbee3460a4466002a002cbaa15eecf50bf63000f140ccc6102,7301,181,com.motu.runtime,implementation,0,0,0,,,,,pending,investigate,
packages/com.motu.runtime/Runtime/Islands/IslandGenerationRequestFactoryBase.cs.meta,de5b44271a530fec333c9198c5237c24a7292e0383cb2d57f4d4102124ce9122,60,2,com.motu.runtime,asset/metadata,0,0,0,,,,,pending,investigate,
packages/com.motu.runtime/Runtime/Islands/IslandGenerationStatus.cs,e22a283a8177f42602a64f357d6e0e97b419f9d4c4394ad893c54b38d75189f4,1604,43,com.motu.runtime,implementation,0,0,0,,,,,pending,investigate,
packages/com.motu.runtime/Runtime/Islands/IslandGenerationStatus.cs.meta,b9c25be7420455d0a47512cc58c9949a40979f69d22411a0064bb33e82aa101f,60,2,com.motu.runtime,asset/metadata,0,0,0,,,,,pending,investigate,
packages/com.motu.runtime/Runtime/Islands/IslandGenerationWorker.cs,01538da7ab3d8b629b3c57c6b590c1df2eba0c2360c1e60bae47a55e779ceedd,950,24,com.motu.runtime,implementation,0,0,0,Generator worker and preparation pipeline; native and material cache reads/writes.,One native preparation at a time; cancellation waits for active native call. Cache settings snapshotted; only completed owned names evicted.,Semaphore released in finally; file streams disposed; cache misses fall back to generation.,See measurement/evidence; no unmeasured speed claim.,reviewed,bound preparation and harden cache,RuntimeContractsTests; HostIntegrationTests cache and lifecycle checks.
packages/com.motu.runtime/Runtime/Islands/IslandGenerationWorker.cs.meta,6e9c001763b8662befa98dadd378eef30dbb95992ccdb958cbc31b0e66d20ede,59,2,com.motu.runtime,asset/metadata,0,0,0,,,,,pending,investigate,
packages/com.motu.runtime/Runtime/Islands/IslandGenerator.Environment.cs,b8625af6c2abcb7dd44ee52d2b3a1a12bda1db3e6c710643f36e221ef9f7505c,6488,136,com.motu.runtime,implementation,0,0,0,SingleIsland -> IslandGenerator -> worker/installer; Inspector and world callers retained.,Main-thread Unity facade; snapshots request settings; busy requests return false; no implicit single-island camera/environment.,Generator cancels in-flight preparation and releases installed runtime; native work returns before disposal.,See measurement/evidence; no unmeasured speed claim.,reviewed,simplify/host integration,HostIntegrationTests; RuntimeContractsTests; clean consumer player.
packages/com.motu.runtime/Runtime/Islands/IslandGenerator.Environment.cs.meta,d73f7aefa247c343db678a3d4b7d7e33b7ad78c733aab656f4ad99222eb4b2b1,60,2,com.motu.runtime,asset/metadata,0,0,0,,,,,pending,investigate,
packages/com.motu.runtime/Runtime/Islands/IslandGenerator.Materials.cs,953e327a3fd828aa6ef02e72383522017535f4a5f4236f35ede4f70b46f2037a,24083,517,com.motu.runtime,implementation,0,0,0,,,,,pending,investigate,
packages/com.motu.runtime/Runtime/Islands/IslandGenerator.Materials.cs.meta,e8f2b79f2fa9869fa66a9649e096fb5e07bfac128bf4ac349147ee17063f7bb6,60,2,com.motu.runtime,asset/metadata,0,0,0,,,,,pending,investigate,
packages/com.motu.runtime/Runtime/Islands/IslandGenerator.cs,ff4dfd03b21bec3ccdfd88b9457966ff3bf07004b3a08ee0b578bbe3d2f0e6cf,18117,476,com.motu.runtime,implementation,0,0,0,SingleIsland -> IslandGenerator -> worker/installer; Inspector and world callers retained.,Main-thread Unity facade; snapshots request settings; busy requests return false; no implicit single-island camera/environment.,Generator cancels in-flight preparation and releases installed runtime; native work returns before disposal.,See measurement/evidence; no unmeasured speed claim.,reviewed,simplify/host integration,HostIntegrationTests; RuntimeContractsTests; clean consumer player.
packages/com.motu.runtime/Runtime/Islands/IslandGenerator.cs.meta,5b3f7544c8c22e311101a60f88732562caa342f7e5158c5aa9f29915543adb0c,59,2,com.motu.runtime,asset/metadata,0,0,0,,,,,pending,investigate,
packages/com.motu.runtime/Runtime/Islands/IslandNavigationIntegration.cs,9233c1b3fde9ace1ae137a18b62a4044dc00678a76e52e9049232383572a0b35,397,12,com.motu.runtime,implementation,0,0,0,Navigation registers at editor/runtime initialization; core invokes extension only when present.,Whole LOD0 source preserved; 0.5 m default radius; terrain readiness distinct from nav readiness.,Runtime owns extension; extension retains upload sources through asynchronous bake completion.,See measurement/evidence; no unmeasured speed claim.,reviewed,optional navigation boundary,IslandNavigationTests; core assembly dependency check; clean core-only consumer.
packages/com.motu.runtime/Runtime/Islands/IslandNavigationIntegration.cs.meta,a74d63db2a0e403b29c3c7eacc098f79c05f8ffcd7852187938ac5d0f4966448,60,2,com.motu.runtime,asset/metadata,0,0,0,,,,,pending,investigate,
packages/com.motu.runtime/Runtime/Islands/IslandPreparationPipeline.cs,93fe79fa4d13f2a150c854e022b522775ac4d48a548a9149f1c441878ebbd71c,8718,183,com.motu.runtime,implementation,0,0,0,,,,,pending,investigate,
packages/com.motu.runtime/Runtime/Islands/IslandPreparationPipeline.cs.meta,3cbb32dd059e3f9841f3bf4de2a25bed76b6ac25191887d59aa27db10afeea13,60,2,com.motu.runtime,asset/metadata,0,0,0,,,,,pending,investigate,
packages/com.motu.runtime/Runtime/Islands/IslandPreparedData.cs,bc287e0c2c1370895552ec880c6bed111077bd9e15b62151f76dd47317e161d3,18592,465,com.motu.runtime,implementation,0,0,0,Preparation -> TerrainTileStreamer -> ForestTileStreamer -> ForestGridWorker; benchmark and test entry points.,Forest prepared-data ownership changed to overview and collider records; remaining prepared types not fully reviewed.,Whole native forest remains resident; managed detail arrays transfer once; pending and installed Unity details are owned by the streamer.,"FOREST_STREAMING.md records summed whole-island payload and maximum temporary region, with mesh upload and snapshot-load limits.",partial,bounded forest detail residency,FOREST_STREAMING.md; forest-streaming/large-island.json; forest_streaming in validation.json.
packages/com.motu.runtime/Runtime/Islands/IslandPreparedData.cs.meta,0b663820fc10a7ef0292e09e273fb64f1534c66dbea31bb338e0b3f62d24b5c6,59,2,com.motu.runtime,asset/metadata,0,0,0,,,,,pending,investigate,
packages/com.motu.runtime/Runtime/Islands/IslandRandom.cs,a20b572101b710e14fda2971b424e2d5fb38b04a1aad47f3e30e86fc7077ed4a,1017,35,com.motu.runtime,implementation,0,0,0,,,,,pending,investigate,
packages/com.motu.runtime/Runtime/Islands/IslandRandom.cs.meta,d3c6466dd67686c05ea47e2dc5175db04127cacdccc2aed9b6b0a36eb249f03c,59,2,com.motu.runtime,asset/metadata,0,0,0,,,,,pending,investigate,
packages/com.motu.runtime/Runtime/Islands/IslandRuntime.Lod3.cs,3dbea6a3dbe57a79e148943603c6a9312e923e7620b0b264d68095578b0ed42a,3890,88,com.motu.runtime,implementation,0,0,0,,,,,pending,investigate,
packages/com.motu.runtime/Runtime/Islands/IslandRuntime.Lod3.cs.meta,38f0239b82dd7880b288d8c0bdd48881df2b097a624e593bcd814b41c00cbd5d,240,11,com.motu.runtime,asset/metadata,0,0,0,,,,,pending,investigate,
packages/com.motu.runtime/Runtime/Islands/IslandRuntime.cs,c96293fe628fc43cac0e6d6cd823ce472c30aff5df384fc7ea8a566bf50f7082,10468,309,com.motu.runtime,implementation,0,3,0,,,,,pending,investigate,
packages/com.motu.runtime/Runtime/Islands/IslandRuntime.cs.meta,b80ebbaa834dd49f7e068e6b5ac20fd657faf08f4ff03aadc3f4035fdf737266,60,2,com.motu.runtime,asset/metadata,0,0,0,,,,,pending,investigate,
packages/com.motu.runtime/Runtime/Islands/IslandRuntimeInstaller.cs,92c528c1894130cb91b149c405d601b3e79d1dda45716c6663087374a23cc137,5454,118,com.motu.runtime,implementation,0,0,0,IslandGenerator.PrepareStreamingAt -> TerrainTileStreamer; runtime installer supplies owned native island.,Pass native owner into terrain streaming; rest of installation not fully reviewed here.,Background exports hold a native lease; unload cancels without waiting; Unity objects stay on the main thread.,"One export globally, cooperative upload budget; atomic mesh/collider calls remain.",partial,streaming responsiveness,STREAMING_FREEZES.md; streaming-freezes/unity-tests.xml; streaming-freezes/consumer-tests.xml
packages/com.motu.runtime/Runtime/Islands/IslandRuntimeInstaller.cs.meta,116e8f928c01e78f583dd93aa79bd8a94398dbe3124dbe6210c29f96d6e1bf3d,60,2,com.motu.runtime,asset/metadata,0,0,0,,,,,pending,investigate,
packages/com.motu.runtime/Runtime/Islands/IslandRuntimeLoop.cs,9f8b536857ede554c218822f54022d58069c2485885f9c8675ac36760d288bfa,1272,39,com.motu.runtime,implementation,0,0,0,SingleIsland -> IslandGenerator -> worker/installer; Inspector and world callers retained.,Main-thread Unity facade; snapshots request settings; busy requests return false; no implicit single-island camera/environment.,Generator cancels in-flight preparation and releases installed runtime; native work returns before disposal.,See measurement/evidence; no unmeasured speed claim.,reviewed,simplify/host integration,HostIntegrationTests; RuntimeContractsTests; clean consumer player.
packages/com.motu.runtime/Runtime/Islands/IslandRuntimeLoop.cs.meta,6e6e55a1300ec9c2c1274858140509042c9d423faef26de7d985d3b95d694e7a,60,2,com.motu.runtime,asset/metadata,0,0,0,,,,,pending,investigate,
packages/com.motu.runtime/Runtime/Islands/IslandSnapshotCache.cs,cc54e5466da25d83629d9253dd8b26335a53172721e04fa2bed350bce87ad2f5,9039,222,com.motu.runtime,implementation,0,2,0,Generator worker and preparation pipeline; native and material cache reads/writes.,One native preparation at a time; cancellation waits for active native call. Cache settings snapshotted; only completed owned names evicted.,Semaphore released in finally; file streams disposed; cache misses fall back to generation.,See measurement/evidence; no unmeasured speed claim.,reviewed,bound preparation and harden cache,RuntimeContractsTests; HostIntegrationTests cache and lifecycle checks.
packages/com.motu.runtime/Runtime/Islands/IslandSnapshotCache.cs.meta,4433c9f777a1a14a97d60343e4f487cfb459ac296879d2e0549d45263ac921ca,60,2,com.motu.runtime,asset/metadata,0,0,0,,,,,pending,investigate,
packages/com.motu.runtime/Runtime/Islands/SingleIsland.cs,6d069f5daea41d130dd33325d034f9014453f9490aac9e66f8b4a301d2bbfd08,1771,38,com.motu.runtime,implementation,0,0,0,SingleIsland -> IslandGenerator -> worker/installer; Inspector and world callers retained.,Main-thread Unity facade; snapshots request settings; busy requests return false; no implicit single-island camera/environment.,Generator cancels in-flight preparation and releases installed runtime; native work returns before disposal.,See measurement/evidence; no unmeasured speed claim.,reviewed,simplify/host integration,HostIntegrationTests; RuntimeContractsTests; clean consumer player.
packages/com.motu.runtime/Runtime/Islands/SingleIsland.cs.meta,87dd9a43e914168d89b4c604a8f0b8126ed6fda86524c8c04350498d29c8a4ba,60,2,com.motu.runtime,asset/metadata,0,0,0,,,,,pending,investigate,
packages/com.motu.runtime/Runtime/Motu.Runtime.asmdef,338acd4ee2fb12bbba825f1744af4b3bd7f749c62a6572c8920df24e8839bc93,76,5,com.motu.runtime,build/config,0,0,0,,,,,pending,investigate,
packages/com.motu.runtime/Runtime/Motu.Runtime.asmdef.meta,afe31a07591a61bbb7479dc2b4b2395592002a57e3368217f7b3b39e15cca63c,60,2,com.motu.runtime,asset/metadata,0,0,0,,,,,pending,investigate,
packages/com.motu.runtime/Runtime/Plugins.meta,df208e7249dd672a609510571f8fdd1a7a96020fed3b49cd97d6b83cbfef6974,169,8,com.motu.runtime,asset/metadata,0,0,0,,,,,pending,investigate,
packages/com.motu.runtime/Runtime/Plugins/macOS.meta,65f4b49680348646e749bbbfaf47c6d9e696c0a8c7ab3f38eb90f7194801842d,169,8,com.motu.runtime,asset/metadata,0,0,0,,,,,pending,investigate,
packages/com.motu.runtime/Runtime/Plugins/macOS/libmotu.dylib,a2a144aa06cc9488f92ed6bec0ae9dc6a1cd0b28fbe074932f43c0761e169fe3,2426192,0,com.motu.runtime,asset/metadata,0,0,0,,,,,pending,investigate,
packages/com.motu.runtime/Runtime/Plugins/macOS/libmotu.dylib.meta,62fc75d58c88e83695ead0ed536108569df11302742a99602925aa8d55709b93,528,26,com.motu.runtime,asset/metadata,0,0,0,,,,,pending,investigate,
packages/com.motu.runtime/Runtime/Plugins/macOS/native-artifact.json,92992681d1ba50e5440836a5fae56b001515937c93b616e45b37f59bdc58132b,593,13,com.motu.runtime,build/config,0,0,0,,,,,pending,investigate,
packages/com.motu.runtime/Runtime/Plugins/macOS/native-artifact.json.meta,965fa91e09d2ee4f6ac340a58f09e73f5ce42a15caf24907fdb9f2a10cb8e8fc,60,2,com.motu.runtime,asset/metadata,0,0,0,,,,,pending,investigate,
packages/com.motu.runtime/Runtime/Rendering.meta,3cf60493887ec8cdef7793850c9a162fda42d21756763feee2d4a710fcf26bb8,169,8,com.motu.runtime,asset/metadata,0,0,0,,,,,pending,investigate,
packages/com.motu.runtime/Runtime/Rendering/IslandMaterialFactory.cs,ccfd202d5b6d06b0eefba6c4786e3df30055d80bc2b6948d3cac64f62020b64a,3325,103,com.motu.runtime,implementation,0,0,0,,,,,pending,investigate,
packages/com.motu.runtime/Runtime/Rendering/IslandMaterialFactory.cs.meta,7c9efe86f4363cf321bd6a93693b7159a0bbb93206dcc348dbe593ca980d860b,60,2,com.motu.runtime,asset/metadata,0,0,0,,,,,pending,investigate,
packages/com.motu.runtime/Runtime/Rendering/IslandMaterialTextureCache.cs,308bcd66090692cdbc13f057df204d5857bc3d1c2552da8ed2431624d9bac4e6,12251,341,com.motu.runtime,implementation,0,1,0,Generator worker and preparation pipeline; native and material cache reads/writes.,One native preparation at a time; cancellation waits for active native call. Cache settings snapshotted; only completed owned names evicted.,Semaphore released in finally; file streams disposed; cache misses fall back to generation.,See measurement/evidence; no unmeasured speed claim.,reviewed,bound preparation and harden cache,RuntimeContractsTests; HostIntegrationTests cache and lifecycle checks.
packages/com.motu.runtime/Runtime/Rendering/IslandMaterialTextureCache.cs.meta,1168b8142d8d0491840f147d5b8694c1b789b48219ab3dbe6a324785599baef4,60,2,com.motu.runtime,asset/metadata,0,0,0,,,,,pending,investigate,
packages/com.motu.runtime/Runtime/Rendering/MotuShaderLibrary.cs,a3f2dad0695acbeda4d4d0bdaa8ec26bc3fc592b7c74eb1223abb7938094155b,221,10,com.motu.runtime,implementation,0,0,0,Island material construction; generic material factories; benchmark editor entry point.,Noise pixels unchanged; main-thread reference-counted leases; explicit shader resource references survive player stripping.,Last lease destroys generated noise; authored textures borrowed; resource shader library immutable.,See measurement/evidence; no unmeasured speed claim.,reviewed,share immutable data / preserve player shaders,SharedNoiseLivesUntilTheLastIslandReleasesIt; clean player; noise benchmark.
packages/com.motu.runtime/Runtime/Rendering/MotuShaderLibrary.cs.meta,8d87050517b6b879f568171d7004141f084c0b34d3a9635ad4493d3935dc7b00,60,2,com.motu.runtime,asset/metadata,0,0,0,,,,,pending,investigate,
packages/com.motu.runtime/Runtime/Rendering/MotuShaders.cs,d51419bdb0868548498b85cad9b8431f7b567d01ce80d2a5b3710e019432dec8,637,19,com.motu.runtime,implementation,0,0,0,Island material construction; generic material factories; benchmark editor entry point.,Noise pixels unchanged; main-thread reference-counted leases; explicit shader resource references survive player stripping.,Last lease destroys generated noise; authored textures borrowed; resource shader library immutable.,See measurement/evidence; no unmeasured speed claim.,reviewed,share immutable data / preserve player shaders,SharedNoiseLivesUntilTheLastIslandReleasesIt; clean player; noise benchmark.
packages/com.motu.runtime/Runtime/Rendering/MotuShaders.cs.meta,1d1caad942904fb53af282127ecfd9f3f8794db832d1741ff06f04d5ba7fd765,60,2,com.motu.runtime,asset/metadata,0,0,0,,,,,pending,investigate,
packages/com.motu.runtime/Runtime/Rendering/OceanDeckWaveClamp.Wake.cs,bb0ed40243fda81a32fbf245c16d04545882e22c215cac24e7fa15ee00720936,9334,171,com.motu.runtime,implementation,0,0,0,,,,,pending,investigate,
packages/com.motu.runtime/Runtime/Rendering/OceanDeckWaveClamp.Wake.cs.meta,1738be6a5455d6c7c9be47b3a4c7ef93a877494b3c4bb56bf24f9a6bfb865b51,60,2,com.motu.runtime,asset/metadata,0,0,0,,,,,pending,investigate,
packages/com.motu.runtime/Runtime/Rendering/OceanDeckWaveClamp.cs,daa5414290a19b056fc922a9380459aebe82c564e2bba8ab318665ad8d35f5d3,5918,130,com.motu.runtime,implementation,0,1,3,,,,,pending,investigate,
packages/com.motu.runtime/Runtime/Rendering/OceanDeckWaveClamp.cs.meta,fa3aebc3cb81c5a95efe30e983c19b679fcf2b78d0fbc570bc050bf1436fec93,60,2,com.motu.runtime,asset/metadata,0,0,0,,,,,pending,investigate,
packages/com.motu.runtime/Runtime/Rendering/OceanHullSpray.cs,fedc724a9ce82ee7a2e3b508ef332ada6c254fa4e9c6ae096ebd57f6d44cc99e,15048,277,com.motu.runtime,implementation,0,0,1,,,,,pending,investigate,
packages/com.motu.runtime/Runtime/Rendering/OceanHullSpray.cs.meta,d05d118c7c0d5b769b6a0508c125cbbc63f8737a42fafad3adb35ca79b206042,60,2,com.motu.runtime,asset/metadata,0,0,0,,,,,pending,investigate,
packages/com.motu.runtime/Runtime/Rendering/OceanShipWaveField.cs,72354eaa359cdfa3a5d396f64a961da0337fee61d6a2a4cb0df3df0d24d24a10,6348,112,com.motu.runtime,implementation,0,0,7,,,,,pending,investigate,
packages/com.motu.runtime/Runtime/Rendering/OceanShipWaveField.cs.meta,3d8552d645828831c4bca440f4e756faf4d9884e60c0528427b6afb9a22197cf,60,2,com.motu.runtime,asset/metadata,0,0,0,,,,,pending,investigate,
packages/com.motu.runtime/Runtime/Rendering/OceanUnderwaterView.cs,70da11e8d734ce439c8999f7c6153c213eb7eac3e9f96d81878643f8b6dd8bbc,5551,109,com.motu.runtime,implementation,0,0,0,"World initialization, camera pre-cull, environment disable/re-enable/destruction; packaged consumer and development tests.",Single owner; capture host state before mutation; preserve borrowed effects/assets; support additive environment unload with unchanged host active scene; guard startup activation notification.,One state snapshot per activation; camera/light captures on first use; owned effect destruction handles same-frame re-enable; owned generated components/meshes/materials released at teardown.,No steady-state capture allocation; existing lookup reused. No new FPS or residency benchmark claim.,reviewed,environment ownership change reviewed,"unity-environment-tests.xml: 134 pass, 8 fixture skips; consumer-environment-tests.xml; actual IL2CPP player navigation/render/teardown and repository-read-denied run; validation.json."
packages/com.motu.runtime/Runtime/Rendering/OceanUnderwaterView.cs.meta,d2c18e32f037882fbc8cda4748042e144ee4d27ad01a71f3501a65637afe7577,240,11,com.motu.runtime,asset/metadata,0,0,0,,,,,pending,investigate,
packages/com.motu.runtime/Runtime/Rendering/PlanarWaterReflection.cs,e1d95fd8147a6a455917b22460fed3ad7571ce7b9661e1d24f166dd234ad5851,15415,384,com.motu.runtime,implementation,0,1,11,,,,,pending,investigate,
packages/com.motu.runtime/Runtime/Rendering/PlanarWaterReflection.cs.meta,eb7ede406e678836c9b5e917f3beecc46e53018830c6b02590e336d253bb6458,60,2,com.motu.runtime,asset/metadata,0,0,0,,,,,pending,investigate,
packages/com.motu.runtime/Runtime/Rendering/ProceduralNoiseTextures.cs,9c6ff0de09aea0fa928ee4acc9923d41c444ea9cf3d9440d4816bff4ca2cb8a0,11680,295,com.motu.runtime,implementation,0,0,0,,,,,pending,investigate,
packages/com.motu.runtime/Runtime/Rendering/ProceduralNoiseTextures.cs.meta,a7c9da288f2530a2ee3a31fbc2c9369540da8bc975f1934e4e454a65b323ffb7,60,2,com.motu.runtime,asset/metadata,0,0,0,,,,,pending,investigate,
packages/com.motu.runtime/Runtime/Rendering/RealTimeAmbientOcclusion.cs,948ee7c0b2b43982bae7b4bf0947234674b6f89a4b6ee6208936a5d2666c33d5,5474,178,com.motu.runtime,implementation,0,0,0,,,,,pending,investigate,
packages/com.motu.runtime/Runtime/Rendering/RealTimeAmbientOcclusion.cs.meta,d87172414c99bac4ca081d71117935244abbf0a84741bbb7d2a0ab9a59a20064,240,11,com.motu.runtime,asset/metadata,0,0,0,,,,,pending,investigate,
packages/com.motu.runtime/Runtime/Rendering/SharedNoiseTexture.cs,6e85c961a0f00455138faa0bd7659bd90426db42042e65acf75a3d6c6e9de564,1598,42,com.motu.runtime,implementation,0,0,0,Island material construction; generic material factories; benchmark editor entry point.,Noise pixels unchanged; main-thread reference-counted leases; explicit shader resource references survive player stripping.,Last lease destroys generated noise; authored textures borrowed; resource shader library immutable.,See measurement/evidence; no unmeasured speed claim.,reviewed,share immutable data / preserve player shaders,SharedNoiseLivesUntilTheLastIslandReleasesIt; clean player; noise benchmark.
packages/com.motu.runtime/Runtime/Rendering/SharedNoiseTexture.cs.meta,894e01ea52e7ac3c7897c5a19005f8fdd7c4a435db47f8735d3499b5984b46b1,60,2,com.motu.runtime,asset/metadata,0,0,0,,,,,pending,investigate,
packages/com.motu.runtime/Runtime/Rendering/TerrainMaterialTextureArrays.cs,3052495a94195d553f28285bf7acaa07a5857663f2974728daa041e1834fa5fe,7760,210,com.motu.runtime,implementation,0,0,0,,,,,pending,investigate,
packages/com.motu.runtime/Runtime/Rendering/TerrainMaterialTextureArrays.cs.meta,f79b9a75f1f5b8c6d01888d5afc213a12030234fb633b23d77869b5f5cb64413,60,2,com.motu.runtime,asset/metadata,0,0,0,,,,,pending,investigate,
packages/com.motu.runtime/Runtime/Rendering/UnityObjectLifetime.cs,a80e32405bc46114de57db605d7cf36ad3b89cc5a12e94d89443be8253e60ee3,339,14,com.motu.runtime,implementation,0,0,0,,,,,pending,investigate,
packages/com.motu.runtime/Runtime/Rendering/UnityObjectLifetime.cs.meta,3928a1ca9f2a8b8cc1a2c76ace5f5dcfc17b7d7972a0309618a9691bba6406ce,60,2,com.motu.runtime,asset/metadata,0,0,0,,,,,pending,investigate,
packages/com.motu.runtime/Runtime/Rendering/WaterfallFootIndex.cs,1c663c1a93e7497f52f673e1e51792b3d229aa1fb0a69682c6f2cb347f0e6004,3099,91,com.motu.runtime,implementation,0,0,0,,,,,pending,investigate,
packages/com.motu.runtime/Runtime/Rendering/WaterfallFootIndex.cs.meta,772d6b64ec8ff1a46a2d55fc1dec4f57611cd7fd02bc5624f85ca450b5f5a8e3,60,2,com.motu.runtime,asset/metadata,0,0,0,,,,,pending,investigate,
packages/com.motu.runtime/Runtime/Rendering/WaterfallMistPool.cs,8f07b1ffbab2a7fc9179349d20aa112dc11c7e6b96c34550836f994f44c1139e,25508,659,com.motu.runtime,implementation,0,0,0,,,,,pending,investigate,
packages/com.motu.runtime/Runtime/Rendering/WaterfallMistPool.cs.meta,6e44d050681eddd4057c83908692b2cbbb4437e0cb052cc31af065138faf5328,60,2,com.motu.runtime,asset/metadata,0,0,0,,,,,pending,investigate,
packages/com.motu.runtime/Runtime/Resources.meta,10414e4bc4d28fbeada44a275f7a6f5f5c5b1940e84d8d874a2738f79ffa741c,169,8,com.motu.runtime,asset/metadata,0,0,0,,,,,pending,investigate,
packages/com.motu.runtime/Runtime/Resources/Motu.meta,d78857df161da02aafeb1937577fc7a2f0f836bb62641c0b97610fe5d451628f,169,8,com.motu.runtime,asset/metadata,0,0,0,,,,,pending,investigate,
packages/com.motu.runtime/Runtime/Resources/Motu/ShaderLibrary.asset,17fad9b16b4250a4b027af3fa43605ce4266f6e4485ec1c849491a4f6573ead1,2258,41,com.motu.runtime,asset/metadata,0,0,0,,,,,pending,investigate,
packages/com.motu.runtime/Runtime/Resources/Motu/ShaderLibrary.asset.meta,1808f1fe908959344091b964415047168e4422ba25c671d39e490872993b5a8d,60,2,com.motu.runtime,asset/metadata,0,0,0,,,,,pending,investigate,
packages/com.motu.runtime/Runtime/Resources/Motu/ShipWaterlineSpray.mat,bfdd588288d4aa0c6bf9468ea3750900e1d4a8afb709b5523cb4627a16f54ce7,814,31,com.motu.runtime,asset/metadata,0,0,0,,,,,pending,investigate,
packages/com.motu.runtime/Runtime/Resources/Motu/ShipWaterlineSpray.mat.meta,679c88912175a9297e0d1cb45281af5681fff639aab1bfabf2d770e9812c03a0,60,2,com.motu.runtime,asset/metadata,0,0,0,,,,,pending,investigate,
packages/com.motu.runtime/Runtime/Resources/Motu/TreeEndGrain.png,0e4a7db33c7764f75f72c029a8e364331251f73c079bafb402c3ef9bb26df905,168489,0,com.motu.runtime,asset/metadata,0,0,0,,,,,pending,investigate,
packages/com.motu.runtime/Runtime/Resources/Motu/TreeEndGrain.png.meta,5011f0b1416788c9aed76776163be3b7591d975564ab8608985c462781721c64,2645,117,com.motu.runtime,asset/metadata,0,0,0,,,,,pending,investigate,
packages/com.motu.runtime/Runtime/Resources/Motu/Variants.meta,d1f3a88fa05903260ca1df13cf801bf711c080d3c2d40f041397de0724b09f6b,77,3,com.motu.runtime,asset/metadata,0,0,0,,,,,pending,investigate,
packages/com.motu.runtime/Runtime/Resources/Motu/Variants/TerrainLod1.mat,95e4d9060c159ebf7fc218329c1a5a230a8aea7c196f4597dc6a6d22a33f543f,774,31,com.motu.runtime,asset/metadata,0,0,0,,,,,pending,investigate,
packages/com.motu.runtime/Runtime/Resources/Motu/Variants/TerrainLod1.mat.meta,cab16fec8d7728c8bdc5844aca13cb9aa0515427c137523f897cda8f3ada23a9,60,2,com.motu.runtime,asset/metadata,0,0,0,,,,,pending,investigate,
packages/com.motu.runtime/Runtime/Resources/Motu/Variants/TerrainLod2.mat,e55467fdf68972287c2e7cb8aabc71413faab402b29c1ea529b033777472909e,774,31,com.motu.runtime,asset/metadata,0,0,0,,,,,pending,investigate,
packages/com.motu.runtime/Runtime/Resources/Motu/Variants/TerrainLod2.mat.meta,1bdf2d12ecb0920bd012a0e32cec4eed7bb46f438830076fd91baf1b7b6741ac,60,2,com.motu.runtime,asset/metadata,0,0,0,,,,,pending,investigate,
packages/com.motu.runtime/Runtime/Resources/Motu/Variants/TreeWoodLod1.mat,72122eee92608e9492fb36cb6f8c4a35a93205de7f783592556d5b130bf13cb5,784,31,com.motu.runtime,asset/metadata,0,0,0,,,,,pending,investigate,
packages/com.motu.runtime/Runtime/Resources/Motu/Variants/TreeWoodLod1.mat.meta,e363d9642fb40863658bff4ef0f4cf34967dbfd9fdd67e587c2093129ee2a241,60,2,com.motu.runtime,asset/metadata,0,0,0,,,,,pending,investigate,
packages/com.motu.runtime/Runtime/Settings.meta,688f03b552ba98023ef5d34ef9f04897de50dec8b70fbfc3a0e6ac03041f088b,77,3,com.motu.runtime,asset/metadata,0,0,0,,,,,pending,investigate,
packages/com.motu.runtime/Runtime/Settings/IslandCaveSettings.cs,542f2a9a6084b61e2dca6b80bb5267e2275cfd2de33df673f9cad56df61a4fec,11983,188,com.motu.runtime,implementation,0,0,0,,,,,pending,investigate,
packages/com.motu.runtime/Runtime/Settings/IslandCaveSettings.cs.meta,46e2b364b2259c5075163fd232ca6e1db0c6dc699eee4e74293b99c71a45b060,59,2,com.motu.runtime,asset/metadata,0,0,0,,,,,pending,investigate,
packages/com.motu.runtime/Runtime/Settings/IslandCloudSettings.cs,cb89c9170c9b3c38ef02bf911fc803594b2e4f13ccce662bcac447a5f2a5f086,5815,106,com.motu.runtime,implementation,0,0,0,,,,,pending,investigate,
packages/com.motu.runtime/Runtime/Settings/IslandCloudSettings.cs.meta,3939ec087a0247a43999e6fa08cd9a9e22a6c255d2aee2acb10fd03e92006786,60,2,com.motu.runtime,asset/metadata,0,0,0,,,,,pending,investigate,
packages/com.motu.runtime/Runtime/Settings/IslandDebugSettings.cs,a0affcc152538b25181dfe8264f8933e61ffaa10c2e1c7efbc54562a9748be8e,2390,50,com.motu.runtime,implementation,0,0,0,,,,,pending,investigate,
packages/com.motu.runtime/Runtime/Settings/IslandDebugSettings.cs.meta,75e6e61887d9e7301db1f4c80b23f271f626d8075e30ee5b964bc44700090fde,60,2,com.motu.runtime,asset/metadata,0,0,0,,,,,pending,investigate,
packages/com.motu.runtime/Runtime/Settings/IslandFernSettings.cs,534c9f105e680200e5931f80bedf80d5b51f8e313ce5ced406914701e0e9b133,3100,64,com.motu.runtime,implementation,0,0,0,,,,,pending,investigate,
packages/com.motu.runtime/Runtime/Settings/IslandFernSettings.cs.meta,df344631967d5591a4a331e2c8b242b434aa664f74c7d8ebbbb5b0487e567c3b,60,2,com.motu.runtime,asset/metadata,0,0,0,,,,,pending,investigate,
packages/com.motu.runtime/Runtime/Settings/IslandForestSettings.cs,7aeb8a64443e07ff981e5a7924df77a4b7b3dad4db335ca7df4597cc84ec9627,2668,54,com.motu.runtime,implementation,0,0,0,,,,,pending,investigate,
packages/com.motu.runtime/Runtime/Settings/IslandForestSettings.cs.meta,3991a98ef2b28b0f40c63685c68a0be8c15b9b67cda909f617dce9c0243df746,60,2,com.motu.runtime,asset/metadata,0,0,0,,,,,pending,investigate,
packages/com.motu.runtime/Runtime/Settings/IslandGenerationSettings.cs,677482a74a1a7d5a3808ed181eb247d8e09eb8580c7db5be9590d8ee32251e5c,11981,258,com.motu.runtime,implementation,0,0,0,,,,,pending,investigate,
packages/com.motu.runtime/Runtime/Settings/IslandGenerationSettings.cs.meta,c798bded37c1e5d9f5ee37f032e8814eb4e11dd55d2cd7f11b3be2d261e6b96d,60,2,com.motu.runtime,asset/metadata,0,0,0,,,,,pending,investigate,
packages/com.motu.runtime/Runtime/Settings/IslandNavigationSettings.cs,9ebcf33852f7f0ad3f713f4951c7309143a2e4645f9330cf3588062c659c1c51,3456,54,com.motu.runtime,implementation,0,0,0,Optional navigation installer -> background chunk index -> sequential native bakes -> connected registered chunks.,Validated chunk width and worker limit; radius and height defaults preserved; request copies retain new settings.,Prepared arrays borrowed through indexing/build; current Unity sources retained until native operation completes; all owned links/data released on unload.,One global bake; one worker by default; one spatial source batch uploaded at a time. Full-world peak memory is not inferred from source payload counters.,reviewed,bound navigation bake allocations,NAVIGATION_CHUNKS.md; navigation-chunks/connectivity.json; navigation_chunks validation entry.
packages/com.motu.runtime/Runtime/Settings/IslandNavigationSettings.cs.meta,7ae675ce24463eac2087a460a8e7c46edc8800b6f8dca24129df3b42f1f57763,60,2,com.motu.runtime,asset/metadata,0,0,0,,,,,pending,investigate,
packages/com.motu.runtime/Runtime/Settings/IslandParameterVariationSettings.cs,ad135884edc4070d305f0129ac31bb7fc176f5f7c4dbf4677b40cb6a1742e57a,1505,28,com.motu.runtime,implementation,0,0,0,,,,,pending,investigate,
packages/com.motu.runtime/Runtime/Settings/IslandParameterVariationSettings.cs.meta,8f41617eaab19d17b2729a5e5ab4b350a3f70d27b15266f901c4875395c3f8f7,60,2,com.motu.runtime,asset/metadata,0,0,0,,,,,pending,investigate,
packages/com.motu.runtime/Runtime/Settings/IslandReedSettings.cs,385e7bd80fd75de9a0a4572e77486773f0513b1b400c84540a304d868cbb9323,3198,67,com.motu.runtime,implementation,0,0,0,,,,,pending,investigate,
packages/com.motu.runtime/Runtime/Settings/IslandReedSettings.cs.meta,e028704c532eed950764bf5a705b02a2909a02b8e4fe3aaebc6b64004aba7982,60,2,com.motu.runtime,asset/metadata,0,0,0,,,,,pending,investigate,
packages/com.motu.runtime/Runtime/Settings/IslandRenderingSettings.cs,e1db6b74a619430b831074a2efa41a9a33002e08b1c037ad25798d3e267128d0,11087,249,com.motu.runtime,implementation,0,0,0,,,,,pending,investigate,
packages/com.motu.runtime/Runtime/Settings/IslandRenderingSettings.cs.meta,463e94f253de6734a67514676cff4d35bc9b0e5ceba8d9f1c49bc16960ec071a,60,2,com.motu.runtime,asset/metadata,0,0,0,,,,,pending,investigate,
packages/com.motu.runtime/Runtime/Settings/IslandRiverSettings.cs,36d3fc8b06560c053c56081ab2a0a23bd2fcf6f4a8efe6e36ed5584401c47b6f,2543,54,com.motu.runtime,implementation,0,0,0,,,,,pending,investigate,
packages/com.motu.runtime/Runtime/Settings/IslandRiverSettings.cs.meta,f0843a9e59b9766e002d6b184a050030475a54616be268fc12eaadca85962d38,60,2,com.motu.runtime,asset/metadata,0,0,0,,,,,pending,investigate,
packages/com.motu.runtime/Runtime/Settings/IslandStreamingSettings.cs,5b3deb2ce281534f3b5400f883447d2fed3b670e46030f18a39124adce58869f,576,16,com.motu.runtime,implementation,0,0,0,,,,,pending,investigate,
packages/com.motu.runtime/Runtime/Settings/IslandStreamingSettings.cs.meta,3de88ef3dc90f46eea5e491f33d89a1b8d5f30dd4952ffa29d60be80fdae867e,60,2,com.motu.runtime,asset/metadata,0,0,0,,,,,pending,investigate,
packages/com.motu.runtime/Runtime/Settings/OceanWaveProfile.cs,9a29eb5ae9b960f233f0ca2ae25a2bf7e5ecf2700887c2074991dfa061fd35ca,25934,504,com.motu.runtime,implementation,0,0,0,,,,,pending,investigate,
packages/com.motu.runtime/Runtime/Settings/OceanWaveProfile.cs.meta,7facc3b8468a9f98224f43cb6d8883cd5064d39bbdfb955c292613bf4b163986,60,2,com.motu.runtime,asset/metadata,0,0,0,,,,,pending,investigate,
packages/com.motu.runtime/Runtime/Settings/WorldEnvironmentConfiguration.cs,397b235db715f2856dc4fcc2230b03dd7447f5fc383020af3cd63e993012b5e5,833,19,com.motu.runtime,implementation,0,0,0,,,,,pending,investigate,
packages/com.motu.runtime/Runtime/Settings/WorldEnvironmentConfiguration.cs.meta,2d23da0db201162a9bb601d22cc8294627900e426f06afe4971638b83d078837,60,2,com.motu.runtime,asset/metadata,0,0,0,,,,,pending,investigate,
packages/com.motu.runtime/Runtime/Settings/WorldEnvironmentSettings.cs,7498e74d11009b921fbdb6f645cf69f6687144d47bfff40e497c0bff592c559f,6388,109,com.motu.runtime,implementation,0,0,0,,,,,pending,investigate,
packages/com.motu.runtime/Runtime/Settings/WorldEnvironmentSettings.cs.meta,528e2990e6bbe3b098e2df1d5a2fc23e1fdf5307abd3bd8efbc4d4cc5c1b89b1,60,2,com.motu.runtime,asset/metadata,0,0,0,,,,,pending,investigate,
packages/com.motu.runtime/Runtime/Shaders.meta,76768026edfda8cdfc89d5ebbd55222fe9f60a85f028146bbe89d2f37d9009ef,169,8,com.motu.runtime,asset/metadata,0,0,0,,,,,pending,investigate,
packages/com.motu.runtime/Runtime/Shaders/CloudCommon.cginc,a6501afa0f6279469404eff0027e0b94dbff592917c5fc326cf9c1b37dadb168,10928,292,com.motu.runtime,implementation,0,0,0,,,,,pending,investigate,
packages/com.motu.runtime/Runtime/Shaders/CloudCommon.cginc.meta,6c8843350f090fc2fc49f60ffb5d0b014f100b24ab30b4a0b7125e236eee4658,201,9,com.motu.runtime,asset/metadata,0,0,0,,,,,pending,investigate,
packages/com.motu.runtime/Runtime/Shaders/ForestFerns.shader,5b90f219369b27cbe96b7d78f8e39f9d17abe1d592485268084bc978e6b9aaad,7988,222,com.motu.runtime,implementation,0,0,0,,,,,pending,investigate,
packages/com.motu.runtime/Runtime/Shaders/ForestFerns.shader.meta,e2c72d7c5385652685aeb67ec90b9b19e081f0d814c61298a8be74a27da450c1,201,9,com.motu.runtime,asset/metadata,0,0,0,,,,,pending,investigate,
packages/com.motu.runtime/Runtime/Shaders/MeshEdgeOverlay.shader,30a2b80cf75654d182e732b60b64d246d90ea12f1b0e38f6ebd867b25d75560d,1324,59,com.motu.runtime,implementation,0,0,0,,,,,pending,investigate,
packages/com.motu.runtime/Runtime/Shaders/MeshEdgeOverlay.shader.meta,961a3631e6cc7bcc366fd37a6f42bdd4bb87acb024203da72aca2b5513d75a00,204,9,com.motu.runtime,asset/metadata,0,0,0,,,,,pending,investigate,
packages/com.motu.runtime/Runtime/Shaders/OceanDeckWaveClamp.cginc,df7e671ea365b89ab15753474d2c22036c419f3103d382619a920c295aaec518,1153,31,com.motu.runtime,implementation,0,0,0,,,,,pending,investigate,
packages/com.motu.runtime/Runtime/Shaders/OceanDeckWaveClamp.cginc.meta,eb08906cf196c82299d2e01249ff27d8e9bcfd69d81299ea043d1c182ed8f2f9,60,2,com.motu.runtime,asset/metadata,0,0,0,,,,,pending,investigate,
packages/com.motu.runtime/Runtime/Shaders/OceanOnshoreDirection.shader,c0f8409acba0d606e12b427f133d3be3bff25e24dacb681032749aa9e897f9cc,2763,69,com.motu.runtime,implementation,0,0,0,,,,,pending,investigate,
packages/com.motu.runtime/Runtime/Shaders/OceanOnshoreDirection.shader.meta,11abbd86d3168e119d4510431f532cf0d40a05e977b397babb624efd4dd45540,201,9,com.motu.runtime,asset/metadata,0,0,0,,,,,pending,investigate,
packages/com.motu.runtime/Runtime/Shaders/OceanOptics.cginc,bf2ef259cb131c81cac2ea43b4215f72bb471f00a722fea3322d63ba256ad1e4,4921,100,com.motu.runtime,implementation,0,0,0,,,,,pending,investigate,
packages/com.motu.runtime/Runtime/Shaders/OceanOptics.cginc.meta,0b95aa258ea2be4edeab2a7d30eefafd157ec9c26342b41132ad8341c1488184,60,2,com.motu.runtime,asset/metadata,0,0,0,,,,,pending,investigate,
packages/com.motu.runtime/Runtime/Shaders/OceanShipWaves.cginc,70e446d40e548edfcd323712425e8830d3b88580d5bf758a7ce0b6fe4c5060c0,3313,68,com.motu.runtime,implementation,0,0,0,,,,,pending,investigate,
packages/com.motu.runtime/Runtime/Shaders/OceanShipWaves.cginc.meta,c58c982230f06ebe4e9b262df2d7410cec9f68df3953c8783be611c3f4a2e2f3,60,2,com.motu.runtime,asset/metadata,0,0,0,,,,,pending,investigate,
packages/com.motu.runtime/Runtime/Shaders/OceanSurfaceGeometry.cginc,f5c6842953f9557f682559189c8b99a10c5438602ffdcf6fc3a424f58b146bbc,892,20,com.motu.runtime,implementation,0,0,0,,,,,pending,investigate,
packages/com.motu.runtime/Runtime/Shaders/OceanSurfaceGeometry.cginc.meta,b7a21949e64a9700d1c1d6f5e5feca848bebd366fded04311d5efd46011942eb,158,7,com.motu.runtime,asset/metadata,0,0,0,,,,,pending,investigate,
packages/com.motu.runtime/Runtime/Shaders/OceanWaveAttenuation.shader,7a4ec41ac9c97ade08fc4e4cfe39e2daad2a0e3bc17381cee12e55cd5a897002,2924,76,com.motu.runtime,implementation,0,0,0,,,,,pending,investigate,
packages/com.motu.runtime/Runtime/Shaders/OceanWaveAttenuation.shader.meta,83b8d5818a0cd222d20c2facca9241f7766790f9f66a4a77273757f6450854c2,60,2,com.motu.runtime,asset/metadata,0,0,0,,,,,pending,investigate,
packages/com.motu.runtime/Runtime/Shaders/OceanWaves.cginc,247a4b8d395404332a9f25ccc00cda148bf6b81226467efd870e8b24294affdd,33776,868,com.motu.runtime,implementation,0,0,0,,,,,pending,investigate,
packages/com.motu.runtime/Runtime/Shaders/OceanWaves.cginc.meta,7792dc5626a8ef8f9326a024485ace289070dfb456b072dba0ab6892002d760b,60,2,com.motu.runtime,asset/metadata,0,0,0,,,,,pending,investigate,
packages/com.motu.runtime/Runtime/Shaders/PlanarReflectionSimplified.shader,b57ca76e95706048644ee5a60013165dd30dbbc8e3dc73568e0a7b45ea771705,18217,496,com.motu.runtime,implementation,0,0,0,,,,,pending,investigate,
packages/com.motu.runtime/Runtime/Shaders/PlanarReflectionSimplified.shader.meta,3914d1f50db341ef60629f5a4de50bc005a362b02833815e14d6f84c83be6e9b,201,9,com.motu.runtime,asset/metadata,0,0,0,,,,,pending,investigate,
packages/com.motu.runtime/Runtime/Shaders/RealTimeAmbientOcclusion.shader,3756701a3cd8f3f4c5263027bffe6a183a2b4da6a71d47c8d118723d76b80861,12093,338,com.motu.runtime,implementation,0,0,0,,,,,pending,investigate,
packages/com.motu.runtime/Runtime/Shaders/RealTimeAmbientOcclusion.shader.meta,bc18c15369262a7d9b2fba84d03abf207a0d0dc987569deb887a3e0a7bfdea8d,201,9,com.motu.runtime,asset/metadata,0,0,0,,,,,pending,investigate,
packages/com.motu.runtime/Runtime/Shaders/Resources.meta,f6c41c3393a838d682c1c9cc54d05ccf17bb3aa77fc1be21973d1444594cf9e3,172,8,com.motu.runtime,asset/metadata,0,0,0,,,,,pending,investigate,
packages/com.motu.runtime/Runtime/Shaders/Resources/CaveSurface.shader,f9a967e7d5359a1f52b8ce4744ea549793a04b5f6a3bdd2765aa9266ed8fbf4c,6848,147,com.motu.runtime,implementation,0,0,0,,,,,pending,investigate,
packages/com.motu.runtime/Runtime/Shaders/Resources/CaveSurface.shader.meta,9a1a1e653ab066be0a96c5b61c6497e12ba216d61152946564b9cf58f686edff,201,9,com.motu.runtime,asset/metadata,0,0,0,,,,,pending,investigate,
packages/com.motu.runtime/Runtime/Shaders/Resources/IslandHorizon.shader,7e09bd8247b13a2a5787bd06ffe8fbf5ac2d18f2d6fb13d410d4792d1f6e68f3,657,25,com.motu.runtime,implementation,0,0,0,,,,,pending,investigate,
packages/com.motu.runtime/Runtime/Shaders/Resources/IslandHorizon.shader.meta,ac2dc4e3f849668a705eeceff1d32c11e98f6f3ba006c09c47e8d68d2923e5aa,201,9,com.motu.runtime,asset/metadata,0,0,0,,,,,pending,investigate,
packages/com.motu.runtime/Runtime/Shaders/Resources/OceanFoamHistory.shader,752c6691615951849057f5a67cdaa54d442579185831f806fb6e8727888c2da8,4010,74,com.motu.runtime,implementation,0,0,0,,,,,pending,investigate,
packages/com.motu.runtime/Runtime/Shaders/Resources/OceanFoamHistory.shader.meta,afac26a78fa13a8d3c8fd5a8d5ca3aeab95bd2cd06f8694d1892070a1c687a23,60,2,com.motu.runtime,asset/metadata,0,0,0,,,,,pending,investigate,
packages/com.motu.runtime/Runtime/Shaders/Resources/OceanShipWaveStamp.shader,46c315af99bcd92da0b12cc03411e06c0410d1d6ebcf07916317146d24cd81c6,4060,85,com.motu.runtime,implementation,0,0,0,,,,,pending,investigate,
packages/com.motu.runtime/Runtime/Shaders/Resources/OceanShipWaveStamp.shader.meta,43c3a891914d8c552a14a7471b58a09813a754edfb4487af09d8af46d88d43c1,60,2,com.motu.runtime,asset/metadata,0,0,0,,,,,pending,investigate,
packages/com.motu.runtime/Runtime/Shaders/Resources/OceanSurfaceQuery.shader,f73ed475137752cb5cfd76d138e4a2eaadabfa646297bd184dda9340f024d34a,3599,75,com.motu.runtime,implementation,0,0,0,,,,,pending,investigate,
packages/com.motu.runtime/Runtime/Shaders/Resources/OceanSurfaceQuery.shader.meta,bda2e5a6361fdc96628f51cc4f68b6e2a693f98147a28794418b7fbdac8e5fa3,204,9,com.motu.runtime,asset/metadata,0,0,0,,,,,pending,investigate,
packages/com.motu.runtime/Runtime/Shaders/Resources/OceanUnderwater.shader,1577dd4f1ddc1c9a8cf1598ebf37570ad70f1e719c0f8b5ff85381c236a53918,5314,121,com.motu.runtime,implementation,0,0,0,,,,,pending,investigate,
packages/com.motu.runtime/Runtime/Shaders/Resources/OceanUnderwater.shader.meta,281e2d558508ab1ed39bad097e61966d08c5bad6e025c1157cb2d1bd75db1cbd,201,9,com.motu.runtime,asset/metadata,0,0,0,,,,,pending,investigate,
packages/com.motu.runtime/Runtime/Shaders/RiverSurface.cginc,f8d554438b1683f6360c0e7bcccff533b6b13e33df1fe7384e4ec15b5e60a1c6,5201,98,com.motu.runtime,implementation,0,0,0,,,,,pending,investigate,
packages/com.motu.runtime/Runtime/Shaders/RiverSurface.cginc.meta,cd997f6bffcdf816bac859353f6dae4afcedaffc971eb21d0c0c60412afaab4d,60,2,com.motu.runtime,asset/metadata,0,0,0,,,,,pending,investigate,
packages/com.motu.runtime/Runtime/Shaders/RiverWater.shader,d9d4a3a1e9036b7c638c5f55e996ad72e32e39e213a8dc396cbf275605f0efb5,9220,195,com.motu.runtime,implementation,0,0,0,,,,,pending,investigate,
packages/com.motu.runtime/Runtime/Shaders/RiverWater.shader.meta,a52a28c235311b363b53a42d6371b783dfa8c48ea2e5163e90fdf89d2f9b682b,201,9,com.motu.runtime,asset/metadata,0,0,0,,,,,pending,investigate,
packages/com.motu.runtime/Runtime/Shaders/RiverbankReeds.shader,1fd32923ff2f501ddd72eb7c4b968307f12e2537e2279b5805614aedbe852513,8616,236,com.motu.runtime,implementation,0,0,0,,,,,pending,investigate,
packages/com.motu.runtime/Runtime/Shaders/RiverbankReeds.shader.meta,89466e7c95c96511a7d47f60050a300ee548d1a8d1153e8d2837304b8e7d57ab,201,9,com.motu.runtime,asset/metadata,0,0,0,,,,,pending,investigate,
packages/com.motu.runtime/Runtime/Shaders/RockDecoration.shader,de83db7e572b571ea15a1bb1d27aae2b0233be554410628c211b09072af018d7,6119,166,com.motu.runtime,implementation,0,0,0,,,,,pending,investigate,
packages/com.motu.runtime/Runtime/Shaders/RockDecoration.shader.meta,9183f53d4e3a42743663560bf5eb63362466f10d16c3ad1c38fa521b1de9f2a4,201,9,com.motu.runtime,asset/metadata,0,0,0,,,,,pending,investigate,
packages/com.motu.runtime/Runtime/Shaders/SeaMaskCommon.cginc,65f908ded0d1a2232eac45025a26db94388f2c7c635480429621b5ebf335a657,435,11,com.motu.runtime,implementation,0,0,0,,,,,pending,investigate,
packages/com.motu.runtime/Runtime/Shaders/SeaMaskCommon.cginc.meta,bddd0ffbf20d5bae27aa45b6c5c831c82e67fc45826c928946750ec5765b8176,60,2,com.motu.runtime,asset/metadata,0,0,0,,,,,pending,investigate,
packages/com.motu.runtime/Runtime/Shaders/SeaWater.shader,98fb3f0c40926529d7991b2a96ffa916cfcfdf8b1f6b162d403054a76c492753,16405,274,com.motu.runtime,implementation,0,0,0,,,,,pending,investigate,
packages/com.motu.runtime/Runtime/Shaders/SeaWater.shader.meta,e83211eae8ad68658b3cdb5731d51bb4ac0aa1d7227c7025c906ee3607430aa8,201,9,com.motu.runtime,asset/metadata,0,0,0,,,,,pending,investigate,
packages/com.motu.runtime/Runtime/Shaders/SkyDome.shader,b0af31651eb7f1e639c24b91b3594338902867e08e7ae1e0ca7c35f5678afc4f,15923,350,com.motu.runtime,implementation,0,0,0,,,,,pending,investigate,
packages/com.motu.runtime/Runtime/Shaders/SkyDome.shader.meta,73777d47b636d386b4cc04ac722fa7764e140c797752eba8d01297e1006629a3,201,9,com.motu.runtime,asset/metadata,0,0,0,,,,,pending,investigate,
packages/com.motu.runtime/Runtime/Shaders/Terrain.shader,7f4523ede46d46a8f609c6847eec44a6a415aff21e85d582c75c6e364ff0439e,1337,45,com.motu.runtime,implementation,0,0,0,,,,,pending,investigate,
packages/com.motu.runtime/Runtime/Shaders/Terrain.shader.meta,6e9bc2ea6cdf8eea07429bc8fa1e2d266f4478419dd1dedb583cd90916edb250,201,9,com.motu.runtime,asset/metadata,0,0,0,,,,,pending,investigate,
packages/com.motu.runtime/Runtime/Shaders/TerrainCoverageCommon.cginc,92827ed97a8275439d4863f45b4991bdcd471211addb334da6e554d14bbac1d3,12677,400,com.motu.runtime,implementation,0,0,0,,,,,pending,investigate,
packages/com.motu.runtime/Runtime/Shaders/TerrainCoverageCommon.cginc.meta,f2c04bc6b849e438ff5bb90ab8b2c84b6f04d3615760080ed02bcea7219affb5,158,7,com.motu.runtime,asset/metadata,0,0,0,,,,,pending,investigate,
packages/com.motu.runtime/Runtime/Shaders/TerrainDetail.shader,37cf046263d115113a5f4b316519511c37b70ca77c3eb12684e42c603588f145,55340,1116,com.motu.runtime,implementation,0,0,0,,,,,pending,investigate,
packages/com.motu.runtime/Runtime/Shaders/TerrainDetail.shader.meta,ca441fa46b24e6dadbbb92f5710ea52e10027d0b416072a0dd5cbd6663d3e4de,201,9,com.motu.runtime,asset/metadata,0,0,0,,,,,pending,investigate,
packages/com.motu.runtime/Runtime/Shaders/TerrainGrass.shader,e344df52139858c2030f2ee06d60c72566d81f7dcee510cf4e63ecd24e138d69,10412,283,com.motu.runtime,implementation,0,0,0,,,,,pending,investigate,
packages/com.motu.runtime/Runtime/Shaders/TerrainGrass.shader.meta,ae1a4504bc6ad476e978a90755112994ec2269ac5ab362f5a021901d68e2b9ea,201,9,com.motu.runtime,asset/metadata,0,0,0,,,,,pending,investigate,
packages/com.motu.runtime/Runtime/Shaders/TerrainGrassCommon.cginc,87286d6f05a99e79c5cc4026f8a8287e8d107953dba372938b5291f293594ec6,6692,185,com.motu.runtime,implementation,0,0,0,,,,,pending,investigate,
packages/com.motu.runtime/Runtime/Shaders/TerrainGrassCommon.cginc.meta,4ecbd5eadf58140daed42d52898a8d0f29727cf846d4b377ee7c9889f3283477,201,9,com.motu.runtime,asset/metadata,0,0,0,,,,,pending,investigate,
packages/com.motu.runtime/Runtime/Shaders/TerrainOcclusion.shader,d6d6f27f706ac2053700ddbc0f120ba60eb07b26440bb5bb78dcdc61b1eca371,2000,57,com.motu.runtime,implementation,0,0,0,,,,,pending,investigate,
packages/com.motu.runtime/Runtime/Shaders/TerrainOcclusion.shader.meta,baa1bab719dc6a10f7e71da42962d31c5079cd68e9eaa6059057b35642e19cab,201,9,com.motu.runtime,asset/metadata,0,0,0,,,,,pending,investigate,
packages/com.motu.runtime/Runtime/Shaders/TerrainRockCommon.cginc,b9bc61ec08cd55dc3d83b7b4bac73cddad4ac7204c8c5a6dc5220b907fabc1ac,786,17,com.motu.runtime,implementation,0,0,0,,,,,pending,investigate,
packages/com.motu.runtime/Runtime/Shaders/TerrainRockCommon.cginc.meta,54cab372b8172ef5f49251627b548c637bcf1a9dae499bd62d2577732e293827,201,9,com.motu.runtime,asset/metadata,0,0,0,,,,,pending,investigate,
packages/com.motu.runtime/Runtime/Shaders/TreeFoliage.shader,9ced4829e55257dcc91be95d0c0d6a5c8776484872ddf95e0f3e01356ab77cdc,13760,384,com.motu.runtime,implementation,0,0,0,,,,,pending,investigate,
packages/com.motu.runtime/Runtime/Shaders/TreeFoliage.shader.meta,ccd41b60b9ca71097f700521f715aa8fbe377dce8f801b271b12198903c8a827,201,9,com.motu.runtime,asset/metadata,0,0,0,,,,,pending,investigate,
packages/com.motu.runtime/Runtime/Shaders/TreeFoliageDistant.shader,4a600fe66ec375ab3f25bbb3c6fa3625a6dcac93f0d327a00ace662cd68a3063,8941,215,com.motu.runtime,implementation,0,0,0,,,,,pending,investigate,
packages/com.motu.runtime/Runtime/Shaders/TreeFoliageDistant.shader.meta,078db842eaadf666d738cb9699971d58a3b3a15feac44f06f51bd93e59da1ef0,201,9,com.motu.runtime,asset/metadata,0,0,0,,,,,pending,investigate,
packages/com.motu.runtime/Runtime/Shaders/TreeFoliageFurCommon.cginc,bb1f094492f7899479d11abfca35cb5f320f35804bec771f6a94eea120990e24,5633,163,com.motu.runtime,implementation,0,0,0,,,,,pending,investigate,
packages/com.motu.runtime/Runtime/Shaders/TreeFoliageFurCommon.cginc.meta,d18810b1e38af014e09e99d6b0a2e67d6531fb3973556c254bcd696fd8982cb9,158,7,com.motu.runtime,asset/metadata,0,0,0,,,,,pending,investigate,
packages/com.motu.runtime/Runtime/Shaders/TreeSurfaceNoise.cginc,8fd751fe92ddc50d0e588ac62736d3a86db3585c03bbfb897f8f8ecdb2682370,4009,124,com.motu.runtime,implementation,0,0,0,,,,,pending,investigate,
packages/com.motu.runtime/Runtime/Shaders/TreeSurfaceNoise.cginc.meta,e916fa755143778e04953130b71f802de97054279dfe8264bca6b397a1eac0a8,158,7,com.motu.runtime,asset/metadata,0,0,0,,,,,pending,investigate,
packages/com.motu.runtime/Runtime/Shaders/TreeWindCommon.cginc,0f563e2b1ee7a0ad7bfb0d573da10601afaf4a2a8e8b7334b5f080c346bd118a,2256,75,com.motu.runtime,implementation,0,0,0,,,,,pending,investigate,
packages/com.motu.runtime/Runtime/Shaders/TreeWindCommon.cginc.meta,a7a632187e621f1320314f755fbf5967a289c1a859d90973a390cad03a35ab0e,158,7,com.motu.runtime,asset/metadata,0,0,0,,,,,pending,investigate,
packages/com.motu.runtime/Runtime/Shaders/TreeWood.shader,f35afc7ae7875201fe504eb96f3c97aae8d50d7e02b1fe526268320cb9abc910,18281,406,com.motu.runtime,implementation,0,0,0,,,,,pending,investigate,
packages/com.motu.runtime/Runtime/Shaders/TreeWood.shader.meta,a92d6a0e4f3a413e55ee0db82de7622b0659e93e4cab45d643cef47c423c6aad,201,9,com.motu.runtime,asset/metadata,0,0,0,,,,,pending,investigate,
packages/com.motu.runtime/Runtime/Shaders/WaterCommon.cginc,fd97d08ec0bf0069d6e42bd16999012c67dffcc6badbb157de452ef7318da25e,5940,179,com.motu.runtime,implementation,0,0,0,,,,,pending,investigate,
packages/com.motu.runtime/Runtime/Shaders/WaterCommon.cginc.meta,7b39893046bddc1c037dcacb2bdd0db4e1ae1894fe3f9a92a5a2dfc984cade87,201,9,com.motu.runtime,asset/metadata,0,0,0,,,,,pending,investigate,
packages/com.motu.runtime/Runtime/Shaders/WaterOptics.cginc,ec69132eac5acc0b9683fe22ebfa677ff72ee08a882abd5272a60e0f69364750,6262,119,com.motu.runtime,implementation,0,0,0,,,,,pending,investigate,
packages/com.motu.runtime/Runtime/Shaders/WaterOptics.cginc.meta,a974f4fbc1a7b18dd365a303e5d1adf934bfd1c87a43b9c5790559c762322222,60,2,com.motu.runtime,asset/metadata,0,0,0,,,,,pending,investigate,
packages/com.motu.runtime/Runtime/Shaders/WaterfallFootMist.shader,bcfced83e7ef9f1e556274577d4b2fa9384f44ac4db06b3417ad8d07f490dca7,10277,244,com.motu.runtime,implementation,0,0,0,Waterfall materials and packaged shader library.,SV_POSITION named pos for Unity shadow transfer macros; numerical visual equations unchanged.,Materials/renderers own shader use; library retains references.,See measurement/evidence; no unmeasured speed claim.,reviewed,fix player shadow variants,Metal player compilation; ShaderHasError checks; broader rendering tests.
packages/com.motu.runtime/Runtime/Shaders/WaterfallFootMist.shader.meta,e4cda4ed2501c19e6fda931b6800fddf0f2583bb0c51e459c1a0729573350975,201,9,com.motu.runtime,asset/metadata,0,0,0,,,,,pending,investigate,
packages/com.motu.runtime/Runtime/Shaders/WaterfallSprayLighting.cginc,13747ab8d0daf51761129c74485b3d7ecdf51b08247cb48d603cf2c321d5d49b,964,28,com.motu.runtime,implementation,0,0,0,,,,,pending,investigate,
packages/com.motu.runtime/Runtime/Shaders/WaterfallSprayLighting.cginc.meta,20174b542ebc042cd5d0c2b4b53de60f66e1b7e27b27c60a9879d2debdf439b8,158,7,com.motu.runtime,asset/metadata,0,0,0,,,,,pending,investigate,
packages/com.motu.runtime/Runtime/Shaders/WaterfallSprayParticle.shader,6e4b51b259944616cac3e95246177eb53163e49ce1e343d1529da3629cc5a445,2823,94,com.motu.runtime,implementation,0,0,0,Waterfall materials and packaged shader library.,SV_POSITION named pos for Unity shadow transfer macros; numerical visual equations unchanged.,Materials/renderers own shader use; library retains references.,See measurement/evidence; no unmeasured speed claim.,reviewed,fix player shadow variants,Metal player compilation; ShaderHasError checks; broader rendering tests.
packages/com.motu.runtime/Runtime/Shaders/WaterfallSprayParticle.shader.meta,a00c3ff164030fe92fc4a8c0d86123db39b02d497f37e0942dc4de47430c8508,201,9,com.motu.runtime,asset/metadata,0,0,0,,,,,pending,investigate,
packages/com.motu.runtime/Runtime/Shaders/WeatherWindCommon.cginc,3a4e409ac397e0b84dbeb9b76d465670f173f7300917c0ca95200d279b36393c,2265,71,com.motu.runtime,implementation,0,0,0,,,,,pending,investigate,
packages/com.motu.runtime/Runtime/Shaders/WeatherWindCommon.cginc.meta,af2be62f2273f0056efb49b6a4629f1f3c10748f69745704c5525f66422eb607,201,9,com.motu.runtime,asset/metadata,0,0,0,,,,,pending,investigate,
packages/com.motu.runtime/Runtime/Streaming.meta,84f591b6fa20d19bbe243fdd8b84bc834f400aefe683496e9922a921c78303c8,169,8,com.motu.runtime,asset/metadata,0,0,0,,,,,pending,investigate,
packages/com.motu.runtime/Runtime/Streaming/CaveCollisionScope.cs,8167867850ace07f9c27284067c9056c372810f0a81ade2acfa0b2e82ed23887,2085,52,com.motu.runtime,implementation,0,1,0,,,,,pending,investigate,
packages/com.motu.runtime/Runtime/Streaming/CaveCollisionScope.cs.meta,60b875333e12220e094405fc61bf7ba810fad801685efafcf415760161f8f1b5,60,2,com.motu.runtime,asset/metadata,0,0,0,,,,,pending,investigate,
packages/com.motu.runtime/Runtime/Streaming/CaveStreamer.cs,0599eae59d01cd605064fa39afb8239cbaed5f336d8a61c81a4cb03aefc55a1a,12140,230,com.motu.runtime,implementation,0,2,0,,,,,pending,investigate,
packages/com.motu.runtime/Runtime/Streaming/CaveStreamer.cs.meta,1c85dea866c350307243f3f23ad80b31aba9dbc9140b6fa6d2a4afb52b6409e1,59,2,com.motu.runtime,asset/metadata,0,0,0,,,,,pending,investigate,
packages/com.motu.runtime/Runtime/Streaming/FernTileStreamer.cs,ffab4e6e1e9b7e222c47547cfb4087a6fd6467c023a5caca30ad8747c0039e7c,5036,141,com.motu.runtime,implementation,0,2,0,,,,,pending,investigate,
packages/com.motu.runtime/Runtime/Streaming/FernTileStreamer.cs.meta,043d67df6668f81828baca5e3a40c6b04d51254521ac5787991933ad501b47f4,59,2,com.motu.runtime,asset/metadata,0,0,0,,,,,pending,investigate,
packages/com.motu.runtime/Runtime/Streaming/ForestGridWorker.cs,d0616b7159fae3e076ca1be534df1f9f7d453bc32f1d3c51bc4a71d34cf4caf3,3930,86,com.motu.runtime,implementation,0,0,0,Preparation -> TerrainTileStreamer -> ForestTileStreamer -> ForestGridWorker; benchmark and test entry points.,"Leased native reads, global forest concurrency, cancellation, leaf ownership boundaries and single-use region transfer reviewed.",Whole native forest remains resident; managed detail arrays transfer once; pending and installed Unity details are owned by the streamer.,"FOREST_STREAMING.md records summed whole-island payload and maximum temporary region, with mesh upload and snapshot-load limits.",reviewed,bounded forest detail residency,FOREST_STREAMING.md; forest-streaming/large-island.json; forest_streaming in validation.json.
packages/com.motu.runtime/Runtime/Streaming/ForestGridWorker.cs.meta,4c4b0a3d94370a552735fc51bc99100a3db21b3fdb117d1282323505e0a24518,60,2,com.motu.runtime,asset/metadata,0,0,0,,,,,pending,investigate,
packages/com.motu.runtime/Runtime/Streaming/ForestTileStreamer.cs,a180646fd656916a79bd5ed177760b08396e9136204e24911d81fca76241bc8b,31003,785,com.motu.runtime,implementation,0,9,0,Preparation -> TerrainTileStreamer -> ForestTileStreamer -> ForestGridWorker; benchmark and test entry points.,"All forest initialization, LOD transitions, pending upload ownership, materials, bounds, wireframe and collider teardown reviewed.",Whole native forest remains resident; managed detail arrays transfer once; pending and installed Unity details are owned by the streamer.,"FOREST_STREAMING.md records summed whole-island payload and maximum temporary region, with mesh upload and snapshot-load limits.",reviewed,bounded forest detail residency,FOREST_STREAMING.md; forest-streaming/large-island.json; forest_streaming in validation.json.
packages/com.motu.runtime/Runtime/Streaming/ForestTileStreamer.cs.meta,7f727a9adbaa4591fc4f647f4c31fa104417d516f1a46a70454a0c8b92132888,240,11,com.motu.runtime,asset/metadata,0,0,0,,,,,pending,investigate,
packages/com.motu.runtime/Runtime/Streaming/ReedTileStreamer.cs,b8c56d42ac8724e4e1a5b736668268152b0363e84f676e33a69c6f066bad48bb,5102,142,com.motu.runtime,implementation,0,2,0,,,,,pending,investigate,
packages/com.motu.runtime/Runtime/Streaming/ReedTileStreamer.cs.meta,105ec6f90e979483490e768a8812d422948d30e1c7674bac0bf5cc145b58e21f,240,11,com.motu.runtime,asset/metadata,0,0,0,,,,,pending,investigate,
packages/com.motu.runtime/Runtime/Streaming/StreamedMeshTile.cs,d9ac54d757286a841ccce17494419c409587ea57f2e9266af802b7e4960bac9b,1750,55,com.motu.runtime,implementation,0,0,0,,,,,pending,investigate,
packages/com.motu.runtime/Runtime/Streaming/StreamedMeshTile.cs.meta,46a187b3dd764946590743673580e5993f04b8ff6a47e465c28e439a1cf649c7,60,2,com.motu.runtime,asset/metadata,0,0,0,,,,,pending,investigate,
packages/com.motu.runtime/Runtime/Streaming/TerrainGridWorker.cs,b23bcfebab59c39ae299d8cc521553572bc07d267fbab2fcfe63af6d60cd1771,2567,56,com.motu.runtime,implementation,0,0,0,IslandGenerator.PrepareStreamingAt -> TerrainTileStreamer; runtime installer supplies owned native island.,"Single-export gate, worker-only native grid/copy preparation, cancellation and export cleanup.",Background exports hold a native lease; unload cancels without waiting; Unity objects stay on the main thread.,"One export globally, cooperative upload budget; atomic mesh/collider calls remain.",reviewed,streaming responsiveness,STREAMING_FREEZES.md; streaming-freezes/unity-tests.xml; streaming-freezes/consumer-tests.xml
packages/com.motu.runtime/Runtime/Streaming/TerrainGridWorker.cs.meta,5f6485e95bee1f207ad0cb58415eabd865f8cf1b4520ea0223ac276cb36d8c24,60,2,com.motu.runtime,asset/metadata,0,0,0,,,,,pending,investigate,
packages/com.motu.runtime/Runtime/Streaming/TerrainTileStreamer.Colliders.cs,bd9ff30c95abb91b999457c95895a8f094c0a49353163fe2983fcef9cfffbc2e,7111,198,com.motu.runtime,implementation,0,2,0,,,,,pending,investigate,
packages/com.motu.runtime/Runtime/Streaming/TerrainTileStreamer.Colliders.cs.meta,c3304682759387bef69e453b08ad35fa2544dc1f7f40f69eefba44c196101c77,60,2,com.motu.runtime,asset/metadata,0,0,0,,,,,pending,investigate,
packages/com.motu.runtime/Runtime/Streaming/TerrainTileStreamer.DetailStreaming.cs,cde7e3cc11a86f9fe84e87d53b8e3a2433d369c5b7a48661963130a245d2a6a3,28699,743,com.motu.runtime,implementation,0,11,0,IslandGenerator.PrepareStreamingAt -> TerrainTileStreamer; runtime installer supplies owned native island.,LOD neighborhood replacement and worker/upload coroutine only; batches and feature groups need broader profiling.,Background exports hold a native lease; unload cancels without waiting; Unity objects stay on the main thread.,"One export globally, cooperative upload budget; atomic mesh/collider calls remain.",partial,streaming responsiveness,STREAMING_FREEZES.md; streaming-freezes/unity-tests.xml; streaming-freezes/consumer-tests.xml
packages/com.motu.runtime/Runtime/Streaming/TerrainTileStreamer.DetailStreaming.cs.meta,f0e6efbbda8414f135687c33fac6b62b72f55582aa5c78012b7093902ad72de5,60,2,com.motu.runtime,asset/metadata,0,0,0,,,,,pending,investigate,
packages/com.motu.runtime/Runtime/Streaming/TerrainTileStreamer.cs,d5689a3df2e6f3dc738dff99f6c7f2f0b7699a2ab7907e170d3e75b4e97beffe,37579,915,com.motu.runtime,implementation,0,8,0,Preparation -> TerrainTileStreamer -> ForestTileStreamer -> ForestGridWorker; benchmark and test entry points.,Forest worker and upload budget wiring plus previous terrain transition review; remaining terrain/collision/grass audit open.,Whole native forest remains resident; managed detail arrays transfer once; pending and installed Unity details are owned by the streamer.,"FOREST_STREAMING.md records summed whole-island payload and maximum temporary region, with mesh upload and snapshot-load limits.",partial,bounded forest detail residency,FOREST_STREAMING.md; forest-streaming/large-island.json; forest_streaming in validation.json.
packages/com.motu.runtime/Runtime/Streaming/TerrainTileStreamer.cs.meta,7c2b8489c9fd41c885f809047153ed3589be6ee544ff6bbe3b3178cf90610a74,60,2,com.motu.runtime,asset/metadata,0,0,0,,,,,pending,investigate,
packages/com.motu.runtime/Runtime/Streaming/TileNeighborhood.cs,394eadf4e2224cded0ddaabcb2f0c01567fd77f995080a4a577a8381bf592124,391,11,com.motu.runtime,implementation,0,0,0,,,,,pending,investigate,
packages/com.motu.runtime/Runtime/Streaming/TileNeighborhood.cs.meta,4cb5c74d34fd4f3b5a433ec5b78315fd07f45638c04f6e6d8dd2099d62221cb4,60,2,com.motu.runtime,asset/metadata,0,0,0,,,,,pending,investigate,
packages/com.motu.runtime/Runtime/World.meta,a64866876df64e690d2d7a0e12a72332d6a5e9dcf1a9227ba442288fe2cf633f,169,8,com.motu.runtime,asset/metadata,0,0,0,,,,,pending,investigate,
packages/com.motu.runtime/Runtime/World/CelestialLighting.cs,33693df0567757e401af1ea7d0c6ad66626a70e26a909094225c6bc576e50c19,7894,194,com.motu.runtime,implementation,0,0,0,,,,,pending,investigate,
packages/com.motu.runtime/Runtime/World/CelestialLighting.cs.meta,240610abdbb4a4dcc85ab8ef6f4b8d7979d3041f5c9548c96bdaf68745f112f6,60,2,com.motu.runtime,asset/metadata,0,0,0,,,,,pending,investigate,
packages/com.motu.runtime/Runtime/World/CloudWeatherSettings.cs,6e56b45cef23d4d98ad92f38322298cd8cfa6806cd7ad7b9a9aac5adc0c352ef,4885,89,com.motu.runtime,implementation,0,0,0,,,,,pending,investigate,
packages/com.motu.runtime/Runtime/World/CloudWeatherSettings.cs.meta,b0a11b1cc5dfe4f13e12e4ebc80e9b658c71006fef7393c97d3c71397eeb411c,60,2,com.motu.runtime,asset/metadata,0,0,0,,,,,pending,investigate,
packages/com.motu.runtime/Runtime/World/EnvironmentHostState.cs,7e3f3540bafe0aac1f140967d8f11ec6314a86880b0bd26dd340c93b9e311029,8230,165,com.motu.runtime,implementation,0,2,11,"World initialization, camera pre-cull, environment disable/re-enable/destruction; packaged consumer and development tests.",Single owner; capture host state before mutation; preserve borrowed effects/assets; support additive environment unload with unchanged host active scene; guard startup activation notification.,One state snapshot per activation; camera/light captures on first use; owned effect destruction handles same-frame re-enable; owned generated components/meshes/materials released at teardown.,No steady-state capture allocation; existing lookup reused. No new FPS or residency benchmark claim.,reviewed,environment ownership change reviewed,"unity-environment-tests.xml: 134 pass, 8 fixture skips; consumer-environment-tests.xml; actual IL2CPP player navigation/render/teardown and repository-read-denied run; validation.json."
packages/com.motu.runtime/Runtime/World/EnvironmentHostState.cs.meta,c5ca80819328d8c113748fc1f77a1fe64db366b40cd5b49dd97f9ee9c3ddacfc,60,2,com.motu.runtime,asset/metadata,0,0,0,,,,,pending,investigate,
packages/com.motu.runtime/Runtime/World/IWorldSurfaceQuery.cs,742f933bc163c53efa888df3f1287bbd44c88a2dfba3027a4710f7558dd15a98,410,13,com.motu.runtime,implementation,0,0,0,,,,,pending,investigate,
packages/com.motu.runtime/Runtime/World/IWorldSurfaceQuery.cs.meta,bef6a621d299173a0fdbab68ee48b3dbb2f91cfafb9f4801c98112abbdd98f3a,60,2,com.motu.runtime,asset/metadata,0,0,0,,,,,pending,investigate,
packages/com.motu.runtime/Runtime/World/IslandWorldManager.Caves.cs,c8cb3f058db238ed585f39c58c835ad1fd2b36d85e227e31aa5a990645bdcab8,1509,38,com.motu.runtime,implementation,0,0,0,,,,,pending,investigate,
packages/com.motu.runtime/Runtime/World/IslandWorldManager.Caves.cs.meta,0939765d695f2a62ddcef4132961f8de6be3aef10374d26d20cd6ef7a2455198,60,2,com.motu.runtime,asset/metadata,0,0,0,,,,,pending,investigate,
packages/com.motu.runtime/Runtime/World/IslandWorldManager.Discovery.cs,edab492da84f037f39da9f705b0e77fc6e5a4806659e264be43bfe6e8b69996e,12995,352,com.motu.runtime,implementation,0,0,0,,,,,pending,investigate,
packages/com.motu.runtime/Runtime/World/IslandWorldManager.Discovery.cs.meta,033e0419ea3da5aeb68e0a06459ba5c8ad4aa0974b381987ae82a1ea7062ff65,60,2,com.motu.runtime,asset/metadata,0,0,0,,,,,pending,investigate,
packages/com.motu.runtime/Runtime/World/IslandWorldManager.cs,433f1d02f717a09850eb1e46533cc521d3c338301e1e73660566160f5dffec50,21618,580,com.motu.runtime,implementation,0,3,2,,,,,pending,investigate,
packages/com.motu.runtime/Runtime/World/IslandWorldManager.cs.meta,36f43b0114c36397494601b3f38df10b005a43818c103ab4848f8cfdcfbcc17b,60,2,com.motu.runtime,asset/metadata,0,0,0,,,,,pending,investigate,
packages/com.motu.runtime/Runtime/World/OceanClipmapMeshBuilder.cs,1e3895bd573289fd59381b34d4b6ff848196fc4ddacf9bd7210cdf6f11246577,5409,137,com.motu.runtime,implementation,0,2,0,,,,,pending,investigate,
packages/com.motu.runtime/Runtime/World/OceanClipmapMeshBuilder.cs.meta,835cbf514777cdbda72f97b6137ef10ea05670e079d5543e4e9ea4be90edc0cc,60,2,com.motu.runtime,asset/metadata,0,0,0,,,,,pending,investigate,
packages/com.motu.runtime/Runtime/World/OceanFoamHistory.cs,fe356327ae2b21c105e7469799e061490978b51f5cf3c325ef9c2bbc8a9d5fed,3911,80,com.motu.runtime,implementation,0,0,0,,,,,pending,investigate,
packages/com.motu.runtime/Runtime/World/OceanFoamHistory.cs.meta,33ba23c70ab268258182c7973c0fa7822da2b70451385f04c9f56a9f576e2aab,60,2,com.motu.runtime,asset/metadata,0,0,0,,,,,pending,investigate,
packages/com.motu.runtime/Runtime/World/OceanSurfaceController.Animation.cs,c33097e9652421c5ddf31067836f926f4ae935b7f1898acd0e79dc377edc622e,7884,185,com.motu.runtime,implementation,0,0,0,,,,,pending,investigate,
packages/com.motu.runtime/Runtime/World/OceanSurfaceController.Animation.cs.meta,d1b2c0fb29748aafb83ccc8b4997a52d83e2c5dce9b027f21287f13e6daa3850,60,2,com.motu.runtime,asset/metadata,0,0,0,,,,,pending,investigate,
packages/com.motu.runtime/Runtime/World/OceanSurfaceController.cs,c8638ee5b5b6139d7cbca2fd18e0ad34f4be0fb64062eba3dca470c242dd2890,17104,411,com.motu.runtime,implementation,0,0,0,"World initialization, camera pre-cull, environment disable/re-enable/destruction; packaged consumer and development tests.",Single owner; capture host state before mutation; preserve borrowed effects/assets; support additive environment unload with unchanged host active scene; guard startup activation notification.,One state snapshot per activation; camera/light captures on first use; owned effect destruction handles same-frame re-enable; owned generated components/meshes/materials released at teardown.,No steady-state capture allocation; existing lookup reused. No new FPS or residency benchmark claim.,reviewed,environment ownership change reviewed,"unity-environment-tests.xml: 134 pass, 8 fixture skips; consumer-environment-tests.xml; actual IL2CPP player navigation/render/teardown and repository-read-denied run; validation.json."
packages/com.motu.runtime/Runtime/World/OceanSurfaceController.cs.meta,c5e0a2c496775d33ab7fae7b3d9843bb1a5b3652920ea0419acc23ee58ee7fc2,240,11,com.motu.runtime,asset/metadata,0,0,0,,,,,pending,investigate,
packages/com.motu.runtime/Runtime/World/OceanSurfaceSampler.cs,f2cebd4a60fdede79ff9552194332172864db50195a2416069cd5c419b75d816,8214,164,com.motu.runtime,implementation,0,0,0,,,,,pending,investigate,
packages/com.motu.runtime/Runtime/World/OceanSurfaceSampler.cs.meta,aae8b87950340cd76a567a9f85ab0896d3fa0a390542ba256159c76798c57665,59,2,com.motu.runtime,asset/metadata,0,0,0,,,,,pending,investigate,
packages/com.motu.runtime/Runtime/World/OceanWaveMaskComposer.cs,b32268859d28c82597c0165cb5e7ac254365421541c2505d61add4858e55eb85,13478,355,com.motu.runtime,implementation,0,1,0,"World initialization, camera pre-cull, environment disable/re-enable/destruction; packaged consumer and development tests.",Single owner; capture host state before mutation; preserve borrowed effects/assets; support additive environment unload with unchanged host active scene; guard startup activation notification.,One state snapshot per activation; camera/light captures on first use; owned effect destruction handles same-frame re-enable; owned generated components/meshes/materials released at teardown.,No steady-state capture allocation; existing lookup reused. No new FPS or residency benchmark claim.,reviewed,environment ownership change reviewed,"unity-environment-tests.xml: 134 pass, 8 fixture skips; consumer-environment-tests.xml; actual IL2CPP player navigation/render/teardown and repository-read-denied run; validation.json."
packages/com.motu.runtime/Runtime/World/OceanWaveMaskComposer.cs.meta,8a6a346c9fd37bdba8f5524c8fe56168058c39998fdd90b14b6e6a67ce9772d3,60,2,com.motu.runtime,asset/metadata,0,0,0,,,,,pending,investigate,
packages/com.motu.runtime/Runtime/World/UnityFrameBudget.cs,69a48b0b3dd9281601afa4f939adbed6181f39f975f2d4fc6c9f148b675834a6,1009,36,com.motu.runtime,implementation,0,0,0,IslandGenerator.PrepareStreamingAt -> TerrainTileStreamer; runtime installer supplies owned native island.,Existing cooperative upload budget and read-only millisecond setting.,Background exports hold a native lease; unload cancels without waiting; Unity objects stay on the main thread.,"One export globally, cooperative upload budget; atomic mesh/collider calls remain.",reviewed,streaming responsiveness,STREAMING_FREEZES.md; streaming-freezes/unity-tests.xml; streaming-freezes/consumer-tests.xml
packages/com.motu.runtime/Runtime/World/UnityFrameBudget.cs.meta,54af135edd7aae62159900e39d7b78a26388ea4d893d60dcb31521c97028852a,60,2,com.motu.runtime,asset/metadata,0,0,0,,,,,pending,investigate,
packages/com.motu.runtime/Runtime/World/WorldEnvironmentController.Environment.cs,9dccbb948fe49ba1e7c0c79e10714f021bdb22af6786a6c62f29ebb47e7b4f29,23394,485,com.motu.runtime,implementation,0,0,36,"World initialization, camera pre-cull, environment disable/re-enable/destruction; packaged consumer and development tests.",Single owner; capture host state before mutation; preserve borrowed effects/assets; support additive environment unload with unchanged host active scene; guard startup activation notification.,One state snapshot per activation; camera/light captures on first use; owned effect destruction handles same-frame re-enable; owned generated components/meshes/materials released at teardown.,No steady-state capture allocation; existing lookup reused. No new FPS or residency benchmark claim.,reviewed,environment ownership change reviewed,"unity-environment-tests.xml: 134 pass, 8 fixture skips; consumer-environment-tests.xml; actual IL2CPP player navigation/render/teardown and repository-read-denied run; validation.json."
packages/com.motu.runtime/Runtime/World/WorldEnvironmentController.Environment.cs.meta,af20b45df0e59ce6cede8d8bb9bdcd0ad8093fe11b9fce92d56db57b6cb62bcc,60,2,com.motu.runtime,asset/metadata,0,0,0,,,,,pending,investigate,
packages/com.motu.runtime/Runtime/World/WorldEnvironmentController.Ownership.cs,8867b08f5ee1d656575464f4f13fe6cba13a7cc0cf17531eda504bb25a153b01,3060,71,com.motu.runtime,implementation,0,0,1,"World initialization, camera pre-cull, environment disable/re-enable/destruction; packaged consumer and development tests.",Single owner; capture host state before mutation; preserve borrowed effects/assets; support additive environment unload with unchanged host active scene; guard startup activation notification.,One state snapshot per activation; camera/light captures on first use; owned effect destruction handles same-frame re-enable; owned generated components/meshes/materials released at teardown.,No steady-state capture allocation; existing lookup reused. No new FPS or residency benchmark claim.,reviewed,environment ownership change reviewed,"unity-environment-tests.xml: 134 pass, 8 fixture skips; consumer-environment-tests.xml; actual IL2CPP player navigation/render/teardown and repository-read-denied run; validation.json."
packages/com.motu.runtime/Runtime/World/WorldEnvironmentController.Ownership.cs.meta,b6ced1c3d3bd8645cd92f1035fb3677595585159257331c0f7e28f328cc07419,60,2,com.motu.runtime,asset/metadata,0,0,0,,,,,pending,investigate,
packages/com.motu.runtime/Runtime/World/WorldEnvironmentController.Weather.cs,33acffad1c94a1cc8e1a954fe54aa7f93517b51cf6060164b482489d3d2e2e22,1212,38,com.motu.runtime,implementation,0,0,0,,,,,pending,investigate,
packages/com.motu.runtime/Runtime/World/WorldEnvironmentController.Weather.cs.meta,ae1eb6233fbb1f78cfea5399186b24dfc5dca213f40b568f0385433384b4af4e,60,2,com.motu.runtime,asset/metadata,0,0,0,,,,,pending,investigate,
packages/com.motu.runtime/Runtime/World/WorldEnvironmentController.cs,f75cb181d4a4596a1d6c47c7da070cc4b3f395357642963f234e20b09bc94973,13943,387,com.motu.runtime,implementation,0,0,4,"World initialization, camera pre-cull, environment disable/re-enable/destruction; packaged consumer and development tests.",Single owner; capture host state before mutation; preserve borrowed effects/assets; support additive environment unload with unchanged host active scene; guard startup activation notification.,One state snapshot per activation; camera/light captures on first use; owned effect destruction handles same-frame re-enable; owned generated components/meshes/materials released at teardown.,No steady-state capture allocation; existing lookup reused. No new FPS or residency benchmark claim.,reviewed,environment ownership change reviewed,"unity-environment-tests.xml: 134 pass, 8 fixture skips; consumer-environment-tests.xml; actual IL2CPP player navigation/render/teardown and repository-read-denied run; validation.json."
packages/com.motu.runtime/Runtime/World/WorldEnvironmentController.cs.meta,8c4e900799fa4c3099036c8cc52f9319a24a934236aca2710b66e2b37e7c1b73,243,11,com.motu.runtime,asset/metadata,0,0,0,,,,,pending,investigate,
packages/com.motu.runtime/Runtime/World/WorldWeatherDriver.cs,238214cf1ff8335c0c7810bd347db207f8f75b724f17e1f1451a3cfadefcf654,796,18,com.motu.runtime,implementation,0,0,0,,,,,pending,investigate,
packages/com.motu.runtime/Runtime/World/WorldWeatherDriver.cs.meta,bada9797a90867b412c36e76555c41de0f1535c5831f923d79cc6326d7ef9bf0,60,2,com.motu.runtime,asset/metadata,0,0,0,,,,,pending,investigate,
packages/com.motu.runtime/Runtime/World/WorldWeatherState.cs,e456b91cd42c5a134f134ff7ee823f408336e6a090b01235c43f3026adc9e310,7993,149,com.motu.runtime,implementation,0,0,0,,,,,pending,investigate,
packages/com.motu.runtime/Runtime/World/WorldWeatherState.cs.meta,8b8323b15d9c5a68c60e83362f4ea1b15488ccaf69ea224e35cde1de49a37924,60,2,com.motu.runtime,asset/metadata,0,0,0,,,,,pending,investigate,
packages/com.motu.runtime/Samples~/SingleIsland/Motu.SingleIslandExample.asmdef,9d8b894c2a951b23aaea4cdf564ca7180d685397abedef06aad9f59f7c5e3a1e,110,5,com.motu.runtime,sample/documentation,0,0,0,,,,,pending,investigate,
packages/com.motu.runtime/Samples~/SingleIsland/Motu.SingleIslandExample.asmdef.meta,4f7d50c0690e4f2bd402815dab751a93e477c2b2edf44aebd01a165e08c06f96,60,2,com.motu.runtime,sample/documentation,0,0,0,,,,,pending,investigate,
packages/com.motu.runtime/Samples~/SingleIsland/README.md,d50aea01d7937867231335c53b68668464e03e5c3a74df6f75d899cfc27a595d,798,14,com.motu.runtime,sample/documentation,0,0,0,,,,,pending,investigate,
packages/com.motu.runtime/Samples~/SingleIsland/README.md.meta,b5e2a12067d789455f973907f0f1e536fa8f0910b32026209d4708e3cebdf419,60,2,com.motu.runtime,sample/documentation,0,0,0,,,,,pending,investigate,
packages/com.motu.runtime/Samples~/SingleIsland/SingleIslandExample.cs,15f5d281affbf7ef39d2010aa884e5a874ee40ee5dbdca007249a370d95f1dff,877,28,com.motu.runtime,sample/documentation,0,0,0,,,,,pending,investigate,
packages/com.motu.runtime/Samples~/SingleIsland/SingleIslandExample.cs.meta,5b0bb082bc5dfa6982279382ecf6800a4bdd997e6095c9149087f29375d252b2,60,2,com.motu.runtime,sample/documentation,0,0,0,,,,,pending,investigate,
packages/com.motu.runtime/Tests.meta,1be82b6742e878d70c97eae002d66909b03d9cb57500ea2177864c3d1afcd2dd,77,3,com.motu.runtime,asset/metadata,0,0,0,,,,,pending,investigate,
packages/com.motu.runtime/Tests/Editor.meta,31a66702683f8463c2f9bcecf470f388565b5a2750231afb80a72bdf1efb37b7,77,3,com.motu.runtime,asset/metadata,0,0,0,,,,,pending,investigate,
packages/com.motu.runtime/Tests/Editor/EnvironmentOwnershipTests.cs,60c3fd57339233c94e5f5a81f7c57b241601356d5674f5da07dd7eb1124ca542,9457,153,com.motu.runtime,test,0,0,13,"World initialization, camera pre-cull, environment disable/re-enable/destruction; packaged consumer and development tests.",Single owner; capture host state before mutation; preserve borrowed effects/assets; support additive environment unload with unchanged host active scene; guard startup activation notification.,One state snapshot per activation; camera/light captures on first use; owned effect destruction handles same-frame re-enable; owned generated components/meshes/materials released at teardown.,No steady-state capture allocation; existing lookup reused. No new FPS or residency benchmark claim.,reviewed,environment ownership change reviewed,"unity-environment-tests.xml: 134 pass, 8 fixture skips; consumer-environment-tests.xml; actual IL2CPP player navigation/render/teardown and repository-read-denied run; validation.json."
packages/com.motu.runtime/Tests/Editor/EnvironmentOwnershipTests.cs.meta,e26ab039107f9082d3a543089ac08bd98b3b4c8903faba3b4b5ad0ad10d816cf,60,2,com.motu.runtime,asset/metadata,0,0,0,,,,,pending,investigate,
packages/com.motu.runtime/Tests/Editor/ForestStreamingTests.cs,239d475bbe6a6287cf61026b4a838f712fe36736c4e52b48b952925a91512aba,7131,153,com.motu.runtime,test,0,0,0,Preparation -> TerrainTileStreamer -> ForestTileStreamer -> ForestGridWorker; benchmark and test entry points.,"Bounds coverage, pending export and upload cancellation, wireframe state and repeated travel cleanup fixtures reviewed.",Whole native forest remains resident; managed detail arrays transfer once; pending and installed Unity details are owned by the streamer.,"FOREST_STREAMING.md records summed whole-island payload and maximum temporary region, with mesh upload and snapshot-load limits.",reviewed,bounded forest detail residency,FOREST_STREAMING.md; forest-streaming/large-island.json; forest_streaming in validation.json.
packages/com.motu.runtime/Tests/Editor/ForestStreamingTests.cs.meta,1a6629860f0d250a1a186b3067c1f50d5db0be363a11644c631a1f3060349d24,60,2,com.motu.runtime,asset/metadata,0,0,0,,,,,pending,investigate,
packages/com.motu.runtime/Tests/Editor/HostIntegrationTests.cs,9da3786e602dcff75ee05aa661ca7ba69fe7db0da5f29b077f3d343bac2f35ae,8476,166,com.motu.runtime,test,0,2,1,Core-only fixture; host camera/light preservation; cache ownership; 20-cycle owned texture/mesh/handle assertions. Timeout allows the explicit longer run.,Preserve existing data/algorithm/serialized bindings beyond the described change.,Existing owners retained; test fixtures clean up their created resources.,No unmeasured whole-pipeline performance claim.,reviewed,focused change reviewed,IMPLEMENTATION.md and validation.json; review scope is the described change.
packages/com.motu.runtime/Tests/Editor/HostIntegrationTests.cs.meta,5d577fe3e83957ed0db6fdac7bd12f2524becc0dec7a6850bb7c7502010d1e6a,60,2,com.motu.runtime,asset/metadata,0,0,0,,,,,pending,investigate,
packages/com.motu.runtime/Tests/Editor/Motu.Tests.Package.asmdef,a578e4a409179a9dc4807c2c674f9cc9d411e5637b0e2172df13103b890a05eb,285,8,com.motu.runtime,build/config,0,0,0,,,,,pending,investigate,
packages/com.motu.runtime/Tests/Editor/Motu.Tests.Package.asmdef.meta,b35993e3a5767b09a3651a805d4cb73c378c1463b1b41476f2e15594d6229891,60,2,com.motu.runtime,asset/metadata,0,0,0,,,,,pending,investigate,
packages/com.motu.runtime/Tests/Editor/StreamingResponsivenessTests.cs,6b0120b9f971a788b9d5ab05d06b2bd6906d7c9afcfa5d0c6dca5d0180a2b1f9,10842,185,com.motu.runtime,test,0,1,0,Preparation -> TerrainTileStreamer -> ForestTileStreamer -> ForestGridWorker; benchmark and test entry points.,"Bounded exact forest/terrain export comparisons, initial focus, completion, redirect/unload and native lease lifetime reviewed.",Whole native forest remains resident; managed detail arrays transfer once; pending and installed Unity details are owned by the streamer.,"FOREST_STREAMING.md records summed whole-island payload and maximum temporary region, with mesh upload and snapshot-load limits.",reviewed,bounded forest detail residency,FOREST_STREAMING.md; forest-streaming/large-island.json; forest_streaming in validation.json.
packages/com.motu.runtime/Tests/Editor/StreamingResponsivenessTests.cs.meta,d43bde76367f3c2c572d693e45be0d1c2b425f41253b2cab55ce7d3f22c21722,60,2,com.motu.runtime,asset/metadata,0,0,0,,,,,pending,investigate,
packages/com.motu.runtime/Third Party Notices.md,2f9a917b8c1351c7c97cdffe4d57172189556304adc1cfc2581f235cee03f11f,730,16,com.motu.runtime,documentation,0,0,0,,,,,pending,investigate,
packages/com.motu.runtime/Third Party Notices.md.meta,e1235f8f5981a6242297cbc0e6b8af31c1f260c6e954eb95b6eda8d3c670a70a,60,2,com.motu.runtime,asset/metadata,0,0,0,,,,,pending,investigate,
packages/com.motu.runtime/package.json,62b7ffb583f76dfbc6c0e485eaa8f032324256ecc18e115c9814749013ddeb45,763,23,com.motu.runtime,build/config,0,0,0,,,,,pending,investigate,
packages/com.motu.runtime/package.json.meta,3a38e12a91a2d79999923012ed5b725534cd2153480a0c2f1c0d338c1b929f1d,60,2,com.motu.runtime,asset/metadata,0,0,0,,,,,pending,investigate,
scripts/audit-codebase.py,c871c520b729c37d65ee675d1bd2824274b8b735b23f1cfd77e8cffa12fa1dd1,4272,58,scripts,tooling,0,1,0,Documented local commands and CI; consumers use packed artifacts.,No publication; clean consumer excludes demo ProjectSettings; pin platform/CPU; check native hash and package-owned GUIDs.,Scratch projects retained outside checkout; atomic native replacement; no host asset overwrite.,See measurement/evidence; no unmeasured speed claim.,reviewed,reproducible packaging/validation,Package check; tarball consumer import/build/run; script syntax; native load.
scripts/check-unity-packages.py,181d54b734e26e2d10970eca31ea0d5d2f652a0f6d432c8c519766cf171d0787,4386,65,scripts,tooling,0,0,2,"World initialization, camera pre-cull, environment disable/re-enable/destruction; packaged consumer and development tests.",Single owner; capture host state before mutation; preserve borrowed effects/assets; support additive environment unload with unchanged host active scene; guard startup activation notification.,One state snapshot per activation; camera/light captures on first use; owned effect destruction handles same-frame re-enable; owned generated components/meshes/materials released at teardown.,No steady-state capture allocation; existing lookup reused. No new FPS or residency benchmark claim.,reviewed,environment ownership change reviewed,"unity-environment-tests.xml: 134 pass, 8 fixture skips; consumer-environment-tests.xml; actual IL2CPP player navigation/render/teardown and repository-read-denied run; validation.json."
scripts/pack-unity.py,8195588eca4fd0ae6340c03f93c69c89d3adce1aaea41a8ec232e852085b1370,1738,37,scripts,tooling,0,0,0,Documented local commands and CI; consumers use packed artifacts.,No publication; clean consumer excludes demo ProjectSettings; pin platform/CPU; check native hash and package-owned GUIDs.,Scratch projects retained outside checkout; atomic native replacement; no host asset overwrite.,See measurement/evidence; no unmeasured speed claim.,reviewed,reproducible packaging/validation,Package check; tarball consumer import/build/run; script syntax; native load.
scripts/summarize-generation-profile.py,c9ae44d7c6a946b4033d119ff8c93d104ad20729131396534f3dc9cf169f68ee,4055,97,scripts,tooling,0,0,0,generation-bench CSV and profiling stderr -> validated JSON report.,Exactly one warmup excluded; complete matching groups; stable hashes; inclusive timings are never summed across parent and child labels.,Reads finite local evidence files; no process execution or external writes beyond chosen output.,Offline aggregation; no runtime impact.,reviewed,add stage attribution tooling,"Four parser tests cover warmup, repetition/absence, incomplete/mismatched logs, invalid durations and changing geometry."
scripts/tests/test_generation_profile.py,338189e3348b67e611ed1d81b6a28bd09a50e66e847cc0d0b6ef0a6165473f00,2786,67,scripts,tooling,0,0,0,unittest discovery in source workflow.,Reject corrupted evidence; validate repeated and absent nested stages without double-counting.,TemporaryDirectory cleanup; no shared outputs.,Four small offline tests.,reviewed,protect performance evidence,python3 -m unittest discover -s scripts/tests: four passed.
scripts/unity-consumer/Assets/Editor/BuildConsumer.cs,d9369a88378a8a0d0bb6b3644c27f96c8603637158b123b2f21d83c932b807d7,1903,33,scripts,tooling,0,0,0,Documented local commands and CI; consumers use packed artifacts.,No publication; clean consumer excludes demo ProjectSettings; pin platform/CPU; check native hash and package-owned GUIDs.,Scratch projects retained outside checkout; atomic native replacement; no host asset overwrite.,See measurement/evidence; no unmeasured speed claim.,reviewed,reproducible packaging/validation,Package check; tarball consumer import/build/run; script syntax; native load.
scripts/unity-consumer/Assets/Editor/ExportPublicApi.cs,3259620f832416d111e0f60465fe6856f7f19c6d541803223eabb215159a7d65,1515,34,scripts,tooling,0,1,0,,,,,pending,investigate,
scripts/unity-consumer/Assets/PackageSmokePlayer.cs,168ee4611bb8937e44f1bd2b16be006e7ad6b994fa9826788a38afb2759adaa0,7912,143,scripts,tooling,0,0,8,Fresh-project Mono and IL2CPP player Start -> generate -> navigation -> streaming -> render -> unload -> environment teardown.,"Host camera/light ownership; active nine-group LOD neighborhoods appear across player frames; supported shaders, rendered pixel diversity and additive unload.",One state snapshot per activation; camera/light captures on first use; owned effect destruction handles same-frame re-enable; owned generated components/meshes/materials released at teardown.,Smoke-only transform scans and pixel capture; no runtime package allocation or whole-world frame percentile claim.,reviewed,consumer streaming and environment smoke fixture reviewed,streaming-freezes/consumer-tests.xml; streaming_freezes backend markers in validation.json.
scripts/validate-unity-package.sh,baadc78b86ab7d2f87116201c93eaa4c90b5260bbb8972f444b777224dcbb8b0,2910,47,scripts,tooling,0,0,0,"World initialization, camera pre-cull, environment disable/re-enable/destruction; packaged consumer and development tests.",Single owner; capture host state before mutation; preserve borrowed effects/assets; support additive environment unload with unchanged host active scene; guard startup activation notification.,One state snapshot per activation; camera/light captures on first use; owned effect destruction handles same-frame re-enable; owned generated components/meshes/materials released at teardown.,No steady-state capture allocation; existing lookup reused. No new FPS or residency benchmark claim.,reviewed,environment ownership change reviewed,"unity-environment-tests.xml: 134 pass, 8 fixture skips; consumer-environment-tests.xml; actual IL2CPP player navigation/render/teardown and repository-read-denied run; validation.json."
scripts/write-native-manifest.py,87339dacb1bfe020abaacd9a15fe9af2a6ca7bd2dfcabd3a119546ae7a74ffc3,1194,27,scripts,tooling,0,0,0,Documented local commands and CI; consumers use packed artifacts.,No publication; clean consumer excludes demo ProjectSettings; pin platform/CPU; check native hash and package-owned GUIDs.,Scratch projects retained outside checkout; atomic native replacement; no host asset overwrite.,See measurement/evidence; no unmeasured speed claim.,reviewed,reproducible packaging/validation,Package check; tarball consumer import/build/run; script syntax; native load.
